{"file_hashes":[{"block_hashes":["T+qOuADoYJUKnqhPv9cq0GWCDupCNpCJwo3PpAbh5ds=","qSQF1NKkw8ex+ClQ4VxHs26aRQ3razWAkivlnXxri/o=","W0tKsFYXR+qNqAoFUl+QliY2WHvPESpM2gq5n69849w="],"block_size":4096,"path":"background.js"},{"block_hashes":["9EY+86X1RVcKm+I3lbZ79RuYKHNEth6scwNBqbgBZEA=","b72XpWxANYDMLxeXH69LSVrol07afZNk7o2+kOTlcys=","0oUUvY+cCsvUMtvFl3Jl+fqPE3U/fpWjX882wHBCAuA=","RMh5NTotTnOhyRSz7fADZpPriYrYUAOJus5u/+Hfqzc=","/QnUoMqInEejtH0TwkMQRk8xKZzE5YkVu+bkum6EOnc=","w5apYB4egn6dR47Vm5jnU1qUmg34bIgSicqn1SXQ5B8=","vXV06EqfFEkdvtqYcLRtllAT/GOPyks1EHj83NPoWK8=","3WU6XDVisT8Z0mOGDaiyIaYvHKfP1Jd+SB6vzAEZNzA=","qYsky9qr4yiqlpj9TtnU/eGYwbXHFxypgocGLx+9DGs=","aeC2HOQ0EFkzZrWL2Ks/+KtvIYG49Hplv44pnB93jJo=","0azVO3MxTiCIWt7aRN2a+K4TWxW7xAVHNrQOnuh4VEA=","Yji1xWA3Vc4y2izQ0tMD5BScXwZqNBAQbej9YrxyeuQ=","hptXdXGb4snzH6pKwFRT+Ug+8FohGVA3Rrm+bG1MRac="],"block_size":4096,"path":"content.js"}],"version":2}