{"file_hashes":[{"block_hashes":["neOh+BTLCy+ngPvc8CH523aG2vpCMJYnoXDZcJeXBhA="],"block_size":4096,"path":"css/content.css"},{"block_hashes":["CHtO1Bo935qyUZphmrlTuy4J4TYmjqBteaZP5EYIvvA="],"block_size":4096,"path":"css/options.css"},{"block_hashes":["PVBsqQAONpy48Tcmr88Vn94IbQQtrrcdbMnabeMRNSk="],"block_size":4096,"path":"css/popup.css"},{"block_hashes":["kwywcUFvnOAKHTlf2bHw9YtgrJdZBgXL85v96BBoui8=","6TKqmhdn7VUXht6PJAzlRsWe04E8Z7UOAIWVXPo7VRw=","yRRbccGQ+PfvoWPTf0IgUMYnuOZB1nFrK1jHMvIakTY=","BDJqBzk1Q8zbJVnAUSV+KPAnBvuAq2yAehToTu71FJ0=","GHTWhhzcGOgKPas5T/eGMY5f117QKtMPiij14O6c8XA="],"block_size":4096,"path":"export/css/common.css"},{"block_hashes":["zAVEseCIZGZNnCvRQWRJaaK+OnxPGPG9yZMLlpjrdIw=","h8wZXyw6iMfWjmT1RaB9iFc2fdLc4zX4dvjf7daIsvM=","gEkj+AYOhwV7zQgolpqvcg+MFMDRSkM2E+i7jJf9Cjg=","6+WP7JvH/WcdEwHBghkC/FDn4etwyM7SWu8ox3T2Gso=","XpVDT92ICJgoU8rfiQPo085dUukX1iNpTCNDEi4rCkA=","DnKTBFlnQPKak+mf91/tho1swurv7F8Qn1xoXj2QwoM=","sWme5xOiw9lsEmC2WIsBHBFEyFGFnpo0n+Sy4Eo3t8Q=","Ra4q+1C9IoU56c2p91OX0Wh/H20Lf7KFIfeT1oshvm0=","XAmTjVTD1ef4ZqmQsIOLgNqMUJhHueJKsx/SRJD8KhU=","1lffcIbj+BRx0exfkwWrcB+rk5QKXo4+CqEi9eqWtTs=","JSD7l7temfL98q6HdQYfL0d0P2R64UnGyp42aD8rYCE=","pHycMoeRiamQdsV24k3QnXN9OHVu8VEF87LjGun1D3s=","aaAvlv/vKMDTgsi//gRXiShTW+Ng25/ch0DclgvCbUY=","qG1FRrugHUM7iFX/DF7uUT1o/cE6P/8qzxhuHFPEI1k=","oBAQcBgJtx7TpcmUprgF3JUfKNLBCAxQx8H6mp8OKmk=","c1pOsheoA/xjMDpjSVsjpXhieCdmtWfCMsCau+Z5/N4=","jlkUXjLad0nXNP/92DhnYRatWxPvzQVe3AT+pfkJZPA=","5FtH4NQZTBReWIs9axL4aLuOUzuZBTduME4mPdDAIqU=","jpw72T59bcX7RS0lnhT4MXuYIln7Y2E/0urDE7qt+fA=","SiO/x1vI5epFfmjAZPifIS56u2OcavtJY/iJ7KExBA4=","ITV2vvYsYo8dPNe8Q63yFMwIR7iT/MVIkHgBpr5YIBY=","h5ivr0GcAoveiM59VzUk5fXH8YVLlqSajfLMoDH5QYs=","i8wBvkmymI5wFTSn6TfC9LTUVUIVlMQfH8giyTYjYBI=","P7s+TxHOFoAobRZt/xl5F8ZnBdGvpvo2FYDXqFBg//U=","B0qW0Nx4fr9wQIRu9soe5eqDxQZNHGPMcjNRbLVsJFE=","s7Qg7R7HOnz4rtcDZcp8DuRNsJO1jNQelOARvgGIhTo=","2cUfcAowONQlkrTSdWk8VFbYlQUpUUh1UylLNZi9+LA=","HEzilI0CCJH4LVzqwZWWG6YPW+OxIfvNmdy+P2Rh+7A=","hxdmh0bJerhyWS9rBRfubmFruLNC/Se+BJj02sFjwx8=","DRJ1McH0pFiX2unMHquJuvVL3wHFOv3lpl1I0wZp15M=","ah6LWkAcyfQD8WHYXldLo7TIArknB+hZXh3612WcpuM=","UCkjIIWWk2vOFm9LUV1xubbEEFATzBlizY+fgF6FxsY=","zYWgQ6g3Nz+yQO0Z6RPvJT2xYlQToPt5O3+o2FctgMs=","w8/lMwPlpvnswVv0FP8PoYZhVnttfQ7NTds9vPT+VIk=","tmx+cmkAzZKvJBrhx2hySWyicG+c1Wzm7EIdDgtWCgM=","Sugp/2jXH0AXDsT8CwmfGVGWMFRp+dV/ue50prV+pss=","8nmvsAJLFBQtgDyO9dILXQXORA6BJLgGqNkrieXc7GY=","VxzNEbU/7Xdoxs9cwQhuL0BIzllrp/gK9mcoDJlXoRk=","p0TFpmqrCD7JV0Q63doTRyQtMGjtAIyvjc0fPW/c8VQ=","ChiJFDhnULf1UCwcodWHYd5b8d2q0ShLbCNzEK7t2mI=","cYGgOL/XmNvKLFHNet9JYGaVbRVrVVyb3YtfFtmWVJw=","USmpsgSfwE70qi5O+g+Cm8hRn4cLTMhv4bQGafPnMWY=","iDcJdxA0NRp1vUUF9TqGBMfFE/HXpifxwmZrnclwKRE=","tdlM64/HfuEZMNkknnPGlVjPBpWSgXBrAgIG3Zvm3dg=","zE7t14eVy9E43AvVnXnej0wf4mtzIXLFd8BLEDZWfA0=","HBLkWYMlphriYJhLAf7ruO2G27x+x0T1IGEqyv2UMsQ=","ehYIBSX+/nBOwc4FnG4guVsdwkzXEn6c34ygbivRXJM=","D8Y38IOnXxYwFjYZI01YZkk7tZvkYW2Ub7nbezN+6qQ=","E+5LfD2iWkudkMsF5i85DVeUfCts+8Qj8J5rHweVIng=","rIL/hIHPGwjVjhvA72hd6LoJllDGpPhT8GiAiQ+/skg=","IxAzu60F6pAsXuoDs19pBvqyWDmvjg5p7m03ZES+lGU=","jPdGnTlFWX85jDw+Rc1XVnSUHhKi8f1XYVhn6KiQdCI=","P/w74RsH9EfCVt6hT06JmH0YrfG8ykONPGRs5Cv606w=","uqQfM3R8EJSf70g8vMMPQUPc9Qzp3mSFVC5fZ1IfGiI=","CR/+ongu/JZoha3bYgVaoXnhrX1sj5RYpMMA0XJAHrE=","CrCGVPbUirrxeoUezyVRX4vxZ2nakGgtSM5orbeYV/U=","FEin6YlsuxWAT65BvaNY5cG1l1X2gxFV+TkVNFmcRJ8=","eulyhc2+C8k3b3Yg3JS1AvoZLQOMA3WSw9RgsZfCM6U=","JppfTpcUGk4x+4mhYtXADjNObTNzGHVYE6m1CerVPVM=","OaNT+8xTRHprqEEVKiv6Kn8pmoAoqgZfavdr/DjT//s=","rm7R124tX/OFIojDOLwYjIeZoCqb0qtGZ1W8HwoulwM=","lNXVTr1PioHGnZv9CvlRNDf8C12g5LHs7Lf2qE6soPQ=","XcR+2JxecgKrJUiOoRC2KAPHWsYK2uigd4JuVRQuCoM=","4pbflkKDH6OoNgd3otT93KNZsVJ87nTKvxP9lXkmOH0=","IBOd4oWSZ9FegWbwdYdwh2DVGzxZEn1rBbx/JVO/0kw=","uK46NtXZnN3YEfxZcWLH9aSYJRKutv0vw+q8EULwFfs=","YaDenqWwmorEr2d8pgfia6RATt9v+AlPPLx8K+33y6c=","BQZd6XIPrqvVyvxLW1H+FDZT1Nmniss4rijBSad01E4=","UV7KHcV3O45yHbozrnz6TKkhG5wyyxNcACSBawW5VZw=","+HedzKQm9XqEq1CozLUK1oCUIdVQoQC/qhhHQ1AkvJc=","X1cDz4o3lwnI9qg6RO0za6K149PW01U2axwgkBfEB4I=","/0vuUFoovUOm/QP2x0smcH2b8bKdvOg9HnT77Ad7Bog=","iznkaxQH84gtwyTc7AZ8xudSeqykhxzZE6qERIrN+IM=","Fh0hf0nr4taberp+19Wh6bT2oDx/hNhMkqnIvlKw3N4=","Ei5Ys4DP8fqHb/Wq2sH/KU7N/tGVFAqliR6uf6eGdhw=","HSr5VN/ZBqtuLdnCmuI48t9OdwGASxCRjd2dNTTwEuw=","ummU438++NsF9EKRsmCbqX0vDdDJlNYuv1Em9nQENu4=","RbBSaxOht5W03IyCxVVpIErdYNnJv4BfoC0t6G/r5uU=","bxCmmI+O9MoHAhSc5h12Wg6hMniRKa2W6LZYTFhElWg=","vifQh73CwtOTpjS3viafgo0jQePOnpk6m6lmyi1PEdI=","qAfB0xi02/Hh8NuFEdjefHE+Nf3YhmLRODbaLpfZ6kM=","UGYkBo2Pg50unZ/zXtcOz9SYv2X453plRnE4En62dEo=","Q0tag3/mv+ySIcWVco+t0O7HR4/XJh8KEEqG7Wec9L0=","b3dn/QLmQMdo5YShWZrtOVDBFdgBDHDJPH3IIzd6Mpk=","1mWyh8jtU4RtiiZf7OAFSKN5v6YASXBepILeK6/6PiY=","U7M3U5lrbX+d5qdaWbjyb54oKm4LIegm9nP37zgkleM=","/4+2UywcI7FN5fefbuEmBQcxhTbxAofrS8ouAdA/hEs=","0kutcrxoGr6NIJnt+Z+oTtX+FzUPDqYy8ZL3kTCckfA=","IZS3Ufg/z2JoIUVn2p7SMRDDCPsOEdG6ucnmAJLW2bc=","Dy0uqFpO9WYS/26t6rp7wjJHubyvIkRnWlwfLKj9M7M=","yVU9IoadVDAyRNGc+85ixDB+DLn4xEb5ZqVMqg18WKs=","K6qjhRxSznRyElmoq77pc9OI6fepQW+g/s6CNLbJf+c=","HEWoF//LJHWANkN/DUmfgle++qY5uqIVmI/6ZLxL6g8=","mI/PUibrTb1+Jf8vU0SATUaAgST4Zm3DJdUnsLsZ4vI=","LmbIv0zr4a86I68eqaVTQ3C2gUIfRK/+rA/VSB3MVxg=","Ry9ZcXXdWh/SjhS/k3+zP+9cl5QrYYeloxsSpBI+tOI=","8Kgwhi8nriueyOcyKFWfeGyLgAzNuJGISaGzfVKUXFE=","1rbYNSdogHRkMvkg4WE4QGl0lHuq8kPySw6m8B2tfHE=","/w6puVOWEgH6T3YBhGNeyQNtWVbqbejEHn8Oo7rSpk8="],"block_size":4096,"path":"export/images/index.jpg"},{"block_hashes":["V6TCCIv08neYx5OejkywSuZV+AbIwshuspfmI0xxVdo=","iUAn38PK9UyGRMX3+iTSztdvdFcMdXXxLQeFIhz6HiU=","wx0wKur0gPR93uK1FAtHHTH1feVs1Rbf9GV1Gf1ZmvU=","FFlbXVxgHS4mgptlq+uAnoEDTvDHxnd1foWkbSjAxWw=","DS6rwmroFvKDxF2Eji5WLoMAq+XE65Y87CBhHoE3rbs=","PbEGI0RlDP1UCm3QNAkSXiM3THtIv6ClvA0WC7GWy8k=","ezxJIxB5lI151ET9v/3NEfwNmrxoA0yeHFOs/3kxnzg=","DpPmQxa8MqIFUbzbRTZtVm8LMEugMZxguhNhmGxitj4=","TSi9OOveAPiCJilmObBxLSEUtuJTU0la4BKo19BHBrk=","uvZRIjV7WZXUV2QaYyz0tEV5jUI8Bjkw/WEXK0MpJnY=","tBzhYgfQRitHQP6tiN8jL7G9aY5cQPe9bfK955L9Ays=","WaIxL6qBbdauGBRF7J0WGNpodqKJfjvT2CP7aqw/Doc=","IGdFVL1MVshVTEd5fdajIMtPYADTv5UReZ3WS3oJJts=","w1hc9Ds+5C8QKOFEEV2Puro/y2u9kAjv37MqWIjsyXc=","6dn94zdcE17BJInyDQRcRvbKpBAif+ATjw4QPqluGtI=","lJf5YyUOgY+FT3ekTkoVYU1PjyE0bMsZN64QeED19/Y=","37+bmcFkyGvHadXBRHc5hXJwKqhhJDI+847acMrcVjo=","/6hW+15Oob0UvqTF486x1mSZNDjGI+W3W7v3W5naJzc=","ZaAuEXCNdx5kOr0KxFJv96YcGTbOYxE1qKYzCdvHfo4=","yBXAa12fe6C2NSBh4aBwbXtQN3MMRpJTFzP+qXQzxLA=","T+/0hgzS/EqtcIBH6BndUQ4m0THwv4+2/DY5WSfiSUo=","QqZO6TyBJ1T8DoTN7IwpIBQb3AYGS5TljVRl9QZ0W38=","XbgCXWF1ohQO+nWSQ6s8eTFMq72HZHBhkwlCPg4O/nc=","yyIX0R6Y3sQulczYP8KyltAMHapbJRe/MslaDmureBg=","GYcnDrlTsZtfrZ2vsnvoc1j+pz6ylIdwqRo/fpK/Mnc=","A93TH35goBwhP588td5FPJuiPzgqWJCKQOt9AmpsCmw=","rQ3QZE/jOBXbdq39r6FJQ6tCZWcJxt3KFxsiwxBvvMA=","79XpcDB0wc2fnZaMyYO0hl/54K1xf2sEmwBKtRWzbkE=","G11mFzhz47LCbVZ0iFL9eEfdtSGyKmbsFNzNCyp1jq4=","ZXOGFhG4dHnP3Q5zZKxNOLZf4a6r8NAlcb25nQxPJG4=","RYycl1dqVOFS7lM+EZ0PbAU4S159tKIQMJ2OEDtEPNc=","8gG0/YF+ukkjHMD7YPk2jnhbj/L4yOxDPmmW6fFcibg=","a/jjxYw3yKm6kcl/siariWx/VbJfc7AnOWRHRrz6a04=","WUNaowyuZ0PX3jQxF40D/9ngK4vomfQMau5ggQhFUK4=","bNmKIhs8vEEYW76Oo6b5+dAJ1QCrhZXA8sZ78GTCJDw=","NOanCDMVFAryc3UC2BhEpD797HFnUb2EpskxDMZ7/Bg=","VhdBX3oq8JbRX05+V0lp7GhLfHLCaeSkuuwKG6ZqLTA=","gwYGejCyZBsZ+JTMzBqdP3WC1RzSVTY4COuYLQUVM9A=","2jPS2Wi72SquTma8BdhoHJbND86oAbcbnZ9EK5rTn58=","UobEKxmZZPBn71zTP1blxDhWnxZhR6MU1nA+UoQVoqk=","HZAHSXijaZu96kzvuS+72ZRwQ3xPn3uBKb6CYISNN0g=","EHeyhUiRKpXtbR3I7M2YOIu5gxPOE3uqpcPHc+IAS6w=","gdJMvHUQNHy3ZZftxaYEcoVpOecNluzj2dL7IXCOiyI=","GTmi9hJDd+2I6nBU+pJgruzyVh+FHFidi2va+Psj0Ic=","zXN4gYnOTCj4R/uP8GYB/3Ui87WNZHHhsS9H45SKHmE=","0VQNZCKFzIVB64sXS1DehewiYVYXPw1QNQIPVNa0YVU="],"block_size":4096,"path":"export/images/loading.gif"},{"block_hashes":["GR7qnQpxe1BuDKY/WNxICg1hn+jUPtZO7PcPS6V3pv4=","ap567svPUN/53XkBojGKmVrAxjwLJhOTMm9uJXiFsrU="],"block_size":4096,"path":"export/images/video-play.png"},{"block_hashes":["rxXHHgRbzdSydAXDopdaFErR3YGhVybiTuxKPlO2ngI="],"block_size":4096,"path":"export/js/albums.js"},{"block_hashes":["VEgsT4OV71x5OxRrbQZp9J5Df6KafZ69eiUZ+rH13x8="],"block_size":4096,"path":"export/js/bloginfo.js"},{"block_hashes":["kslm1tTZ5IdhfLW+wYPquGmte/Uzp6m80a7KdSpAe6c="],"block_size":4096,"path":"export/js/blogs.js"},{"block_hashes":["OGzerd0TjvmmAeY/WArWJyZe1AJ0o2VeJC+heCjMpn8="],"block_size":4096,"path":"export/js/boards.js"},{"block_hashes":["SxbtU6Po/ub/d4sN2aKA6NGLcCRiqN3J+1SUAiz8Q+8=","m0jfx6MYa8POkIiMHOr+bacnmRPy8+qxgwP3fZRtjuk=","KYzzrxPAMQgduA5/F0siSP4+1BBptcufLVcfNvCvl3U=","1fVTHtHwOlwPSYdDfO2JPMK6cPczMFssiT1nW4CtIi4=","U1fOgZ8q5+jCUdlP9a6S7zaUXrQsGDw9E6eCj6edlH8=","i5H9qY5H0l1uFM2DFwSjIwnaVw/7od5/kHJf/Wg4RZU=","CwVDTzZOKxaL1Jbru/b8BY/VVwsYvtMSdgzeUXwlDLk=","zx1wkkPP4Qq65FUf1vIPHF8Vh7aDk5MyNgKFEJn2hoE=","UGXl7dLeG1AgoZIC860YX5HR6dlUffQLTeCO+ck87Lg=","uK/Do6pA8a3A/gwIyqYhErDovZWixb3ibpfVeErt0Jg=","/vtFJFwAqRIWKaAas1/6oMux+i1D5S8kFq0XoToY9Lo=","3OATk8l/I9WxJ1RqguZZhKLZcRoABLazAPNWCbQrED0=","lI6XsERr/Mlds5nRm7spNxdmnFC0FEKhFqwqk4TJ2Dk="],"block_size":4096,"path":"export/js/common.js"},{"block_hashes":["uToJaAQ8aUP9Qd7u81H/kDxoxV+K+P3xMfhrGlUCwhE="],"block_size":4096,"path":"export/js/diaries.js"},{"block_hashes":["x4vJpBfTvH7aerA129NZRXkljMy5yU+LdxExisjeWZ0="],"block_size":4096,"path":"export/js/diaryinfo.js"},{"block_hashes":["oYfgjBXOOC3qSx7MALiP2CvE8VAdEmN2CxYrCPVmYjc="],"block_size":4096,"path":"export/js/favorites.js"},{"block_hashes":["5urdy/7SggkA3XFvvigI7AHWwWnMxj8xPYMpnFJgycw="],"block_size":4096,"path":"export/js/friends.js"},{"block_hashes":["4+N+9xIR4RJSVC+WktUhZESBR7M60Q7QNcDLAiafavU=","R6URsjjopLVCHz31ytE+xQgQ6xLkpBkd0k2Vnd4KCFQ=","Irpa1qBKNr96BNeCZ3dmcilgjr1xvfgLmciHmbLSTpw=","qBvH2n+JbaA9aHLZSwfXLGNXmtuP+2CTgDLqSOdoplc=","vMJXPJc8ZuG6+7FCLFr02CzWFVVN1iCcT0RLWL1Ua2w="],"block_size":4096,"path":"export/js/messages.js"},{"block_hashes":["if1InB5S0zSx8a8Yyeb6YhIy0sqiE/7e5TOzBq8onpw="],"block_size":4096,"path":"export/js/photos.js"},{"block_hashes":["KnrbNfSEOeE7MohuIQchAHAXJedXQGJ9nrMqHNI6VZc=","hQveIgzx2WRORKmcAQcJPEqES+m9oAxzrDMNwuK17N0=","+d8PyRNBcyZNrxSXHP53ARmxKeDY457eNriktNVfvh4="],"block_size":4096,"path":"export/js/shares.js"},{"block_hashes":["ejk41r9iAmR97o+KSKYY0j/EhpkyWMcfTqMck5ns0Qk="],"block_size":4096,"path":"export/js/sidebar.js"},{"block_hashes":["tXjyuoBa+2PDgVj2IeeFY+nSsMNlbB1HAheebR8dX4Y="],"block_size":4096,"path":"export/js/videos.js"},{"block_hashes":["47DEQpj8HBSa+/TImW+5JCeuQeRkm5NMpJWZG3hSuFU="],"block_size":4096,"path":"export/js/visitors.js"},{"block_hashes":["D6d/1n6zS1rqXeq9QmdTwCEPbV1PzfQ2L/kMOFA8xPo=","ddaCrgnYlMVfIHAAyQHkXyV3iTAp7Je3M+Al3Yi+D0s=","c0qRqFHCNNk+Ijn+OieX5d3yCWgnGzxu/ZzqWzO/ZP4=","NGGwuWUGn/baitKk7Fr/8e3SjYW+bOVIxdoLjAdoWvQ=","GuanhUNRNl13ZNUSiJxkjWi8qJaRl2TlXS6h3fCNtTU=","7psHRUHBZbWgIf3JOrb9eBP202D6D5DbfSQbNcZALqc=","73Y9cxNRSEOPLs+VnUY8WPnYueiV630i1K8hZx73234="],"block_size":4096,"path":"html/about.html"},{"block_hashes":["XPVcbYSJlmUDBSuR4OVZaClw4Kw1UqhOEJToe21n6A0=","aSla659uauTNFuoVphmnO30trR3nWgBGRmSFE3SnPlo=","zVN6I0AlGiuUGZsSGbAirualyEJlcaksarYbQKGVYPQ="],"block_size":4096,"path":"html/indicator.html"},{"block_hashes":["fDq6906+V0qB7+prnKW5fPCPiVY/g0O6PFX0KDMVInA=","ICj1lZC2945AimwnH97kZWGrZkgOzqNv7uqir6KiWTg=","GimLfCnLcRPiXb2NLtNHjX4icq5grnL3M/Ly9cM0rfI=","JqJ4MakC2l6VfjN3UpARkxf5NfHdr4AOiOyx28Z6+rc=","6+k+rKNVbF5g0OLF7UpKDPb3OGkImYWAK6ByW0DvDig=","iQ65tlu4NG9r3Pq71AwJDOO4sf1tDX/5d+svDRQOwvs=","QrEea57eofn2xrv2gw14QRzKLXde24rCugcKtz4PyOA=","rVCoazntCdADXcbGHpNANoL5C1sQe/StXnBjs64wG0M=","HbKhDKSvpWFA5cLCBqp0j6SqKMzxUwV7vA0O9aGpjl8=","pN4pDlKqPeZ+reMQe7Ffqa3yufPkkGm2cgcLPudINsA=","vPBHWGcky5x9fGcpG2KtiFyS620M+8X1TtMNe4KaIPM=","1g7aWOoErEbfCj0QXm6I/GDxFHJSb+1VZEsoSUPajHU=","AwrccJ6hPFTKk170dTLG+cAudwCcSel+PvJLEiFOtE8=","IBdhgcT+gQqAhSQIOQXKbhx+ASMRSRB1jYfn/t38Xpk=","m1dN+sT34kUoZrsAi4zP8zoBVUbKr+Rmwikh9C+jVjc=","GnOT+1DZYCi57UKsUzhA4QxgetmKuvznPmjT5SedJ1g=","oDPaTxN/K1OWHSi02jqB7ARgu1RO5BHrFOqbJH7F9wg=","znvHEEzNMMWCA9wSc382G9YZDeLn6VRk068QC5cBxVI=","Yx+WXw32FRf5zORdYSoxrHfB3zKI83J4u/yVW19wGHo=","+AhH8se2d/G+6Qm68n8PFAm1OsBPGf1uBMHPwUwSs9E=","gmtb1tWXMefRDM8izpMQTZUpgdIMsH5ErlBIsYL7NBo=","+0QfDrc2XVIIXgeS7cd7Bjbvs8DauS4Ez/bNInrbKFs=","SEe2pB21YtsXXs6KME4QzHWJKlBFVh6s2ylapc7Rp84=","WlUqULj1k3v0aWBUkLnsae+naq2HvZ+Ecm5t2epYVq4=","VKjT3TfhWZnUIR3zRLPFxq4TtilT9w8HVR0aM/ZDo5M=","8iDBoSc1o6Hgu3p2kXlC2OieR6cFeg9XmQ1o9qIfwQY=","p2C5WZv+FPwaF+OnBab6zWXn7TlDXsqSREGexRayciU=","lUB1oXTP/pIJpe4rl9lPsYqA8UuXPxixtRlBmkQKx8g=","LBN8I5ehVZ//H+KrI+2dZe+lsDnUHR6Bov086zeV9KY=","Xi1Rp+feZyxcE9ULuHsAqUY/nhfetiyiQipGm2+4LJ4="],"block_size":4096,"path":"html/options.html"},{"block_hashes":["B1PtMXqO0EACBGyN1cLcE3okrmHyxc8YDS3gHR4vhb0=","7HN7kCoaVQEurmP4h3FwptBM5HyqYkKti6QvdRSn/0Y="],"block_size":4096,"path":"html/popup.html"},{"block_hashes":["xHy3xC0+gRpSuRhnJuNFUNjHBR21EKc4UWbXcPfdw7g="],"block_size":4096,"path":"img/emoji/2_02.png"},{"block_hashes":["kmNPHX5JQqwz/hLmQLNq2zJXTErlnzPB3LjLOTVd7bQ="],"block_size":4096,"path":"img/emoji/2_04.png"},{"block_hashes":["1B59w+a/g4egttqSA3zckj+4pkTvKUcdG+idVuQghtM="],"block_size":4096,"path":"img/emoji/2_05.png"},{"block_hashes":["qw2TpY956xvYE9UYV0yMqrtsai/vM4mjv7lX0YuO4N4="],"block_size":4096,"path":"img/emoji/2_06.png"},{"block_hashes":["hfa6i6dfAwqD6fCVtf2jEHpo4L2M5BEXR8tV75szSrA="],"block_size":4096,"path":"img/emoji/2_07.png"},{"block_hashes":["xHo922mdoUam+g7MujW/wREQeV8NkweKePuql52urL4="],"block_size":4096,"path":"img/emoji/2_09.png"},{"block_hashes":["HBltrORKFrPJeN3eAce+1aM0SinguFhldvNjYpaxCEI="],"block_size":4096,"path":"img/emoji/2_10.png"},{"block_hashes":["09hBto/AoOrrxBcHrn/MiYb1uIaoWd/AOc95U+mFFj8="],"block_size":4096,"path":"img/emoji/2_11.png"},{"block_hashes":["yXKG/kjoXxof6R/9Ri2BbptsrRv6qTsRaTjAD15nHs0="],"block_size":4096,"path":"img/emoji/2_12.png"},{"block_hashes":["okR1Ei1TYEUcSGcT/JD4BMB7C1QrM4NTjHrMnisFCKo="],"block_size":4096,"path":"img/emoji/2_14.png"},{"block_hashes":["cfjFSqqo6pjjJJ8xu1RZco9LvxfbNhdmG1AKRZLc2rA="],"block_size":4096,"path":"img/emoji/2_15.png"},{"block_hashes":["pu6JWkvZKnU8ecj1kNr0eEjlD37VWHeCiubrik8k2X0="],"block_size":4096,"path":"img/emoji/2_16.png"},{"block_hashes":["J+2qqJNg6Cb2oboNawWo8Q3viiVt7eDda2uNtdwoiX8="],"block_size":4096,"path":"img/emoji/2_17.png"},{"block_hashes":["g7b4r5agZ+LswlQMOdag1IX9ZWfKAZX4UOQzgh/xJZ4="],"block_size":4096,"path":"img/emoji/666.png"},{"block_hashes":["ZSpoNAo/iVEjS6NosNuzSquufWEBn+74ASeEAgWMd5k="],"block_size":4096,"path":"img/emoji/Addoil.png"},{"block_hashes":["dJjQJo6NmTKfYrumIosqp+/rqOHUFdaY7uVA/6UdSqQ="],"block_size":4096,"path":"img/emoji/Boring.png"},{"block_hashes":["C2wUJzTclaNPU8wfI/AhSGa+J601D6mzIEK4Q34CJew="],"block_size":4096,"path":"img/emoji/Broken.png"},{"block_hashes":["+TdGJ7mTb4x/ebErRRTajxR02qiHca+i6g+T/lHBbGs="],"block_size":4096,"path":"img/emoji/Cold.png"},{"block_hashes":["t3z1OcdtA2k9s2BE+FSw/vAnPQEv2GpMsImcF9ck3Jk="],"block_size":4096,"path":"img/emoji/Duh.png"},{"block_hashes":["/RL1guOrFyoBqMg1+XqpnkfktaV4Tt37rNO29tUkJic="],"block_size":4096,"path":"img/emoji/Fireworks.png"},{"block_hashes":["/n3kHFDfVg22iTBTGs3x0MsYwCvvK6T0Mzmmag9DfBU="],"block_size":4096,"path":"img/emoji/Flushed.png"},{"block_hashes":["funtWQwdbHhkP3+7TbbQpV1sbtosvd60nf6epu8cSr4="],"block_size":4096,"path":"img/emoji/Gift.png"},{"block_hashes":["ao38u+Ozc9tJlP5lXFHNgPGg+QB0SEuTdoEdzG6M5+U="],"block_size":4096,"path":"img/emoji/Happy.png"},{"block_hashes":["5X3Gpnga6rgfbDIXjUsIjHWD7l3+dWah22iCMJCAcpc="],"block_size":4096,"path":"img/emoji/Hurt.png"},{"block_hashes":["IhxO9nE6WiFgBt2BvyC1Gb43vnkwNlet8CD5hEKaxZc="],"block_size":4096,"path":"img/emoji/KeepFighting.png"},{"block_hashes":["oaKBczh5Tc7mwM7rkjhhTgtkGres/koQqh3FThbg2Lg="],"block_size":4096,"path":"img/emoji/Let Down.png"},{"block_hashes":["7Nxh9GJGFp8EG9D6YYnREwSfk1EfLy/RLW3in0VaPCs="],"block_size":4096,"path":"img/emoji/LetMeSee.png"},{"block_hashes":["T3ULED4gLMsUiuaNToT3EulCgLdmiihwp8LQEztsYSc="],"block_size":4096,"path":"img/emoji/Lol.png"},{"block_hashes":["99OnDTT9oFxV+Vk6hiEm8bx0NSaWyUz8xRDQws45NvA="],"block_size":4096,"path":"img/emoji/NoProb.png"},{"block_hashes":["TwkWDQfSTqNY2LFmlTAUKkZ4s4PuTh4dDE3Jw4YCwrE="],"block_size":4096,"path":"img/emoji/Party.png"},{"block_hashes":["TE3Y3FU5w/4O8yOlhvUPEicOkU9H7jG639BNWOBdq6I="],"block_size":4096,"path":"img/emoji/Shocked!.png"},{"block_hashes":["1u3z60/nwR9nWi+MqawOhXZ6w63vRRQ2hC+dWUrKG7U="],"block_size":4096,"path":"img/emoji/Sick.png"},{"block_hashes":["3nmVnJx5EJyyReAYH7xBR53ibBEr0jnZ2sMWOAuArdc="],"block_size":4096,"path":"img/emoji/Sigh.png"},{"block_hashes":["446s7kS5S1qX73FJluDr4zM4PDR29vMnwNYcQMKgPgA="],"block_size":4096,"path":"img/emoji/Slap.png"},{"block_hashes":["IpmOj76IDKG5es9jnYXw1/vl+J4CSZGI3LVo/JCcrzY="],"block_size":4096,"path":"img/emoji/smiley_17b.png"},{"block_hashes":["WDGtl8CMY5l4ZiDyJmUjx57cOvsA8XTekEDut+UUtI8="],"block_size":4096,"path":"img/emoji/smiley_39b.png"},{"block_hashes":["ZedOUQe5/KSPQDvDq9mfPNripqFH7uBnHOLTTyehOpk="],"block_size":4096,"path":"img/emoji/smiley_83b.png"},{"block_hashes":["HqYe6dmgn9Mmq1Biu43ydvtsMy6CbzD/fz7zNliKWzk="],"block_size":4096,"path":"img/emoji/Social.png"},{"block_hashes":["EggYPwfneztHjpb6uq53Zjr5SdWf690mJtR9lcr1cDg="],"block_size":4096,"path":"img/emoji/Sweat.png"},{"block_hashes":["lH3I2XGSPhEWL0nrAoChSEFldp2pKrNwc6gOsH1gY+4="],"block_size":4096,"path":"img/emoji/Terror.png"},{"block_hashes":["gUYVi0HlPmvn6uManvX7H9e7DwVHzqIx8O/OmKaUTIs="],"block_size":4096,"path":"img/emoji/Watermelon.png"},{"block_hashes":["igJtqWdlKCRIRyHgGFbcnvB7ymzlfGu+Em3GI8oSdXQ="],"block_size":4096,"path":"img/emoji/Worship.png"},{"block_hashes":["3Md/APeyj3nYkGk/llv6KXjPDD91yIiP/1OXkfB5kD0="],"block_size":4096,"path":"img/emoji/Wow!.png"},{"block_hashes":["+iP45G+27dD6JoTtpiD0rmTnVMHSfHZ7vMWzCahS0xs="],"block_size":4096,"path":"img/emoji/Yellowdog.png"},{"block_hashes":["fjtIzAH/u/kRZ9l8wgVzDK6RBpAQ017M4P/XOPvFyLE=","lox5e7dPLxKUsnXarkfwqmexhCikOB/2XB3aMxqlzc8=","pCIwvOZKULr/T1m84MqITGZaZLiPI4pOwiCjsinMRJw=","tsH/WkpFjWXR6cZNENwgLseDuz+Fs/lZ2H5mlkYG9nk=","OxqoIS5ZGQt/aOMgdaVVxDoeKytyJgsskNvS4yDOin0=","2+NTeTWmzb9VP3dohWPPr0LHwKvLD/uJ2CKvGzHxA1s=","LLpQs1oTSzo7Pl/uLDzRg2h3Gd0OQZNuKuifJ2WuQDk=","ITAVII2Bklh3KL7tENpSqV5wfV7IxEeia07jKlQ5jts=","SHpshhXPZWxPkeaBHASDWO0rz7y1TZg78+w4gqgQdXU=","h+ggRKOs7G+JfXGuHXnlVrWWsWbMTzoRT64L68gx6oQ=","sVvgnJqExFgFMzcehIc07lFdVCd7rFXrC6pJxiq8teY=","t3hBAIJvZ8Jby74vfHj9XMjlTtcsaV3VnfGNQYuOyDY=","fh+dWMrNp9fJG0bDa4vFcLQaUkhso6gHXe8OLh3BoTA=","QLiN7Q9bzhfI8u/ZMirg7fkllWQGLIPFzENRfMGDhK8=","dsHgARHlESzUYAx8N0DiR6cDRq3CMgrnk9jvdTDT0m0=","9WTlHK6V9TGWoAfb9jFE+SiYEL3rpxhQp/a/siq01lc=","Lgt1fDMtCpJWL82fAGd/QQFv25yl0hmCzdiLdkpEMNg=","UbtPTHkmI6YRP8afySF+kqQiwhVPNwega5ygrbkIzAY=","JgQOfrU//PnpTtgp0BZAAKQZZ2HtOgLQjt7Td7RVwXM=","NoEJMzx1yDC6hVANY5ssCIDPoxEddwdST6f7Zr49Zlo=","vJ5/a8YTJpyDYWgRI6mPL/Gqz6TLIJXFjOBhUm06FSA=","Wpoel/o8TovvIfhKHjERg9d8bFIpnzLv2J7PHmTr1uk=","tkTvGcUJgfhd6UQp3A22XUKDMNBkkUrkSje3BsN2c1Q=","7bvL+QR6gKDiTPsyVbL2WZ0P/QA8pB0AzdxsBhkjPRo=","xhm/0lRqQ1nC+6sNCCbIfnHyAt5z0TWiNyme6XI3CIE=","qLNYfpZxKbJ05LTkmLBRDrJH0/v+uFXnwdtVgdwmRiA=","/DrzUdjZo75nt8mku2miK1LmV4lXm8YM4+j4PllpHqg=","ePZ9JhntUcCuivVhWNxfgNSQ82xaFyDLnOICdavB5cU=","cIChHlrvxtk9XdW+BOWNTksB8iMcffVc+UMtpw5x+PU="],"block_size":4096,"path":"js/api.js"},{"block_hashes":["yJcDWSIAmRFtfEg0k6ZffNWKidSVyCvWCU3Hrbc89ao=","a4ZGTmDatU19cMfNzi2M86atFNb289gFQTRWdL8v6/U="],"block_size":4096,"path":"js/background.js"},{"block_hashes":["owzcwaFlfBAFV1BBYDcQMmMlpi/I3gQZDtKzA3N5gHI=","mq8a547h29KoBCB4UoykyjpGYyv3/L5Xw7oPiUCe5hc=","PIuf0jAksvxhZ8sRdGIL1M8sqacYOS30ZOBJHskubpo=","lsCaSzD6P5kCDLO62NAGiRtCdKnJx5kMVjcS/9owkNQ=","a/zj+oN3Z/ux20trSREFrGwYp9gcSUBQFt4xE8Ickik=","byblWpWEjAms6K3KaEsOCfrzxPPgXaBoI7VQBeKu7mA="],"block_size":4096,"path":"js/config.js"},{"block_hashes":["T4YjGMQdeXj4xKfXtf+1mjlLm3JAIiyDqwrAZzS89n4=","xLnqpD3XK2LNuvAZhKvnBN00yzAX+IM8phl+Gs+X41g=","rFSTUX8QlQvz7mbzrFS1dssKHon649vXTkSQgXJIcTs=","Vg5bwDg2Fyk3238NZ5tiIRE9Tq6JkRjbvrq9cn5P+68=","6U5Btl7gLbxU1dEYjmdk8rSr+SbPWznfgFx1qSwrtEU=","mLKvvISPFhwyRlGXMrYrbNb8gxtb3KxUHhSthJ5jI64=","RXF0dQV/CEHyBZuJ0HKp6migXWjTu7J0g1erZgTC7EI=","FYDxmpRcVDFCaxrZ6ibtkfXlv3zuYRRHf6sIR9T1b1Y=","kGZb0wWqGKkF2i7hD1iAEFdfuGPev9NYzFvSJkUivJk=","KrVPw+wNi69v0+gSP5iOFvRrWwBKYW9wjD4b4UeXuMg=","Ci6bDP1EE1ImvnwU1dTqk/vI6pESEdcJEHzAqSfIAZU=","2hNQlzy5JjXNi1uvd3ZCQbYwTvw3Lzjbtp2grEd6z7Q=","r1cWx7wZoINMDoqSaqPkHsev9yNvFXSSxgy784aDcwE=","tKpqSsWXHzwDRHNmneh9y5XhHEJ4FZFoA3E4smMoAE4="],"block_size":4096,"path":"js/content.js"},{"block_hashes":["ftEtrfi2zfo3YLn3fMO6a47yIDPbq6c63/waA+6fQ1c=","NWXYUoAUJaUG0mj5UIDXmi3YSksvVusSnGTAtX98Ux0=","N48iGaTM2AAM1hqU4ZSQRZrjdM7U3arlA5gCZiwtCC8=","rw13uNjOZ1dMY+UY9Rh6XMbrO1Az9HVjVTmddSJguMk=","7vaWbhe1YeDGcBS6TQrrcgReoWit/lpD5R0TB72lMdU=","8HnJY3oz2gXbDtJsKi+iNCG+tjuwkKxWRxz5K0LHAuk=","n/14If56zDkDf2RGv86WtqpwSd+IyZiB9NUt7gkTC/E="],"block_size":4096,"path":"js/modules/blogs.js"},{"block_hashes":["E7lnDY8BJhWEH1DI2IZZM7B6iZFN9XNFh80bRPM/unU=","50qB1jT3yAZjhLCGaqXRyHFhaLfAY626nVgLcddF9wQ=","yZ9h7VZqU8H+ODr1R6g7/FZ1jc8rQXljexAHgu8GJI4=","GtRdd7nlhZEwH5IYVv6Ch8C+VcE9cxAnOBxTwfiRar0="],"block_size":4096,"path":"js/modules/boards.js"},{"block_hashes":["uLO7xHkDEP5Arg++C4fJXnwtJ9Pe1SxGa0D9gEioiyU=","IMSZOnttZWdblFuXCftPxw7cQhNG06Bx1zJduOfRlB0=","Bem71fdV5jB2moA9u+6ED7dkOjNl3qxMBBJ+PJTJNts=","nIbAjCdVPO1ukU0jRY1kVrg5skGGLAOLOmz6n/zDu/I=","8dlLOkTcMDGz+Bdwxi0LMcihK1bfqwjfIocnt94rTq8=","pwLcAoCPNlq5aiLGM1moM/qxu4u3sl3MsOkF7U1Mwaw=","J2St7x5F6JRoZzc3wwHpy7WRQJnmoJR2urT7DPNuy8s=","WhWwCflbUL00XhQUmxx3HQtVHvK22Iph9+tADUoVoBw=","Zc0pJn5Olbt4V9BiB9PgQVE85Qg/tyGZeE3RM0v7+Pc="],"block_size":4096,"path":"js/modules/common.js"},{"block_hashes":["yf4LjZGPSTFf5Iv7sQog8rWiNueoyO8X0oeqzHVSqRQ=","YWeADB3UNxROoWg/yOdtKehS5M8hqT7Eu3UTGan6Yf0=","P+J/UoszuoUxCsGPaq7+vonrZEBBrZTvAxuaUgaA0wM=","yOZiTFcG5iuPJevZM3oRd46KMv7OIE5BltrOm+/GaLQ="],"block_size":4096,"path":"js/modules/diaries.js"},{"block_hashes":["ZpHgPsSQgNiS0OQkARRk7B6At1PBbdl53u0wS4Juu6M=","0Fqef7YovlfTSKZReTW5MM+LrPVR/z582cucXi+o1wI=","JmepRP9b1SURS1JvgetpCnh78i9/A/SnYHp7x0D3zcc=","gQm4LWHy7iHM19xiUten7MJVUxaKOSeDmzZTBUbnktA=","SQN/jyUVxYjpCP0461viDZITw/II4SqUaa6Yhsd1xNM="],"block_size":4096,"path":"js/modules/favorites.js"},{"block_hashes":["4UW56rax7KtdTkHuwRrTCr2iuUWgCjQOosVmFnnv94Q=","BLh1O5SA5j3JTygw9/PweFgKKXBxgdl0nzTWDQ+uM/s=","vMbKqEPmGzGXj229qfUlbfMYHGOWgNpLz8VgMl/IaSI="],"block_size":4096,"path":"js/modules/friends.js"},{"block_hashes":["6DOeIk6X8tS7MbJDuvbEHC7FMvGRXQmBCv8bY36nHKY=","HbkL2VEAX+K89ONgL83y3aHpAhMqcWLt0XmDeePi0RI=","UyUO7dQsqupZnv61p705ylSqcmHC44hOIOTf9dpqqHo=","iITTbvcCJTUHVKSIuIzfo5KJdyoQAkFDQ1PRLivfP2Q=","Ps8IgBUnHx3L5nScRj5M6PgTtMqoPalIFkOjdhLNIJs=","53BIfMd40hH7zZHU4T3asCaqkWVEvMRYzFyhkGwcyl8=","SMchl7NwBi7FMBFApX2DwcJP+HrOgHNorz946j0LUVY=","hovtDWkGdGQBo/h3i/O2aGDZ7Fo3xvGqMa3Heu0+K+g=","c/q9UKY5Hpw8GOfuhy96v54YVKw9SfbYC9QfdJFJjFA="],"block_size":4096,"path":"js/modules/messages.js"},{"block_hashes":["TCvKWJx/LIuCERjXEhvxqG2nh5/EqxiRDlrFaIfQBkA=","KvYyjTuBvHCcRxeNggCo3b3cjQ56ebWjDdtGdh8g03Q=","s9zGcn7Td16RJyFKRZR9eZlowqbnbNVVQdFiiXmE1xI=","JaD1aBq2w/i4EHS8z9JnG1COGAhZ2JO6rhgqiELBCr4=","CvuJ0Tc6d143gHnIqKC51RMDTNWj8N63qBFlP3RW5KU=","LE4cqeVF7A284TGHTUo6TuBfGPvBr6Z3Qb6WdPf4s10=","XqrpTQ4tuClmYvvJsnAsDJnY7tkB9JqZkHYxt2xqjes=","Uz+pfpKuj2CYKJNEaUOBYknHzDkpTC5p2AEZgVYkPY0=","rRs52rDd3aFS2sxYXUmcXwASfD/UFqChmrdMkJnonsI=","fZCPVBMeO3krOQmECgyox8FEXlBqYzwBnjg9Y4G8cSU=","aJPafSuP8zNjXayARVGq67QlPZBik32R+HZkC+pQVZI=","O69xQ34GV+vtOzoR54rqi8X0SRPlq2HKyGlQy2WRAMU=","8vrQneWHoOnQB4o0Gc/tFCTAwHdSSjI5mxy8/K7krQk="],"block_size":4096,"path":"js/modules/photos.js"},{"block_hashes":["/S+m/X9DqPtkcNWU3xae76wwkvcEac9wHjrI2ndmMz0=","xBM+O1asmIlQHXolF/tw/TIBIJO7P+WwYtqTWRi0l54=","takF9DV3kkvCNY+1LfF/XlXt4oavyRvldfqFUgr0hUU=","rxA3Y/38blTjAPnVOn5GOOTEkwOZxgYf1j4hMX40OpE=","9nHzf4SEzD1QH+9lzUFcURSxPYbFjvZYUabBwxpjWIQ=","zpuA3DvcSnzitadKNVawOfbtKCExepplmOJYCj/JAcI="],"block_size":4096,"path":"js/modules/shares.js"},{"block_hashes":["wSTbQZV2FFh3gXGC4mmsuY0OYiAEgQVk7i1Jf4JC9L0=","rjuM52VJjd+p6jtq2+rpfwhUScD3cftDIw1aoABybPY=","pnewPjOH2xfY1OLs76DsYO8FyRg1NPBt8gDD2lE9yj0=","BrcXzbufEa4Sk01maJhSQj/i6pkx2NdIUCGZ+JB/cw8=","Z8WCXyEwoyxxgkr+ye4ahYlQm9DvY1ILUTOYZgXIo8c=","X7+4dyHg6VqO5bCsyP9hxRFJGnCbo57Jjl01TFskNWk="],"block_size":4096,"path":"js/modules/videos.js"},{"block_hashes":["4mZUR2mjj20satbDWWgJ0Garkrlkg4JXxBF5S58SSb4=","6usw37oGY2zNm1KGcG+BdMbZ1X/YfX/kMHG/9KOZtSM=","lR0HiPyl8MnRu43rdJap3b7j9k5PFAz/AANcA9yMun8=","UwXx3UfpJfvMAPLXCYrqEUwPAWXi+ZsTnbxN4ChV9tA="],"block_size":4096,"path":"js/modules/visitors.js"},{"block_hashes":["sdv/jtzY4e6d9aIooyZfh1oxXeqNo7pZmF7g+AhNPyM=","wkW8jgO76B7nGZWPO1NmfoUovxZyVLGrb3c/etXO//g=","g+Aq+r6u9wYbqOISydHkKh9vr6GmChblhmHER8iAYdc=","AMI9lrQTQb0L9XZMjpoRFM2fWaiBaBLZgu3AvAeNhDw=","o1GcmvEUDKPMxWEtHcawPEJawMQOSrcDwzett7n15bY=","bCl0QHYZtlg/JX2Uy/2Y60I8FREcVV5j2WDrRRkX00g=","cTCnOQKqHvStJjcuGNEKtEmpsu6GrA4FFzzlrSppg4A=","rcJsE/XnsZYk3Y1jZlfL5d2wZ1SorkHBfceITcZmP8Q=","S0OYT547Z0FX7CFcMjvOpa8Xmkgf7fR0jZwGuRy26AU=","IvxmauDWjsr0RRgxscl4BtF5DbQNx/tczRykl1HA9No="],"block_size":4096,"path":"js/options.js"},{"block_hashes":["puzUmRe9penESZpZLu6XGiVXvad17JtKCjqN9DZWuvA=","KjpW54lQ21IKY/iT3YjdugnhYLPCRnjuPbhf221+J1I=","KBEH8vTkElAfXhYt9WBCKNr37NaF4rDBwFcKQxtnLTw="],"block_size":4096,"path":"js/popup.js"},{"block_hashes":["jKVpfSDxSg5LjywcKLV06uPw0EixYGbtghpwrF/XwoY="],"block_size":4096,"path":"js/utils.js"},{"block_hashes":["mwJx7/z2mDfhRfTtkjRArGAGmrKBIaxvR8LNHXO4UqM=","LQvh9FGXAUDw9JCjq7jSeZFwFENbpQQYVciaY4sN9Pw="],"block_size":4096,"path":"others/README.md"},{"block_hashes":["Z+zk3wQEnPxFI3fdA+quM8aVsyOfrONJ/7tiDLlXEI4=","UCFZPh3WR48XdHCcZdzIQCV/cBhTRPLVb3Hmn/Yhczo="],"block_size":4096,"path":"templates/albums.html"},{"block_hashes":["XUPCn+UJX375l/tnmbBGksc1Mkn9uDR0+wEeEVeqUS4=","Y7SDynJKyTZ2EcdXpJF6tfRT8SZDOBtFLZJvOeyqvds="],"block_size":4096,"path":"templates/bloginfo.html"},{"block_hashes":["3L684QuVbQoWYpZWd6EaeOtm+qhsMek/UZaGg+pB11s=","1fW7w6kxORp0I+VVdEm5fGdIHesECUznCMpBECC/bRw="],"block_size":4096,"path":"templates/bloginfo_static.html"},{"block_hashes":["/aEs8iEReGSxajX35on6y3AHC2aN+7YKu/fuvAwFrCA="],"block_size":4096,"path":"templates/blogs.html"},{"block_hashes":["Vea9PRZMlG6CS0pfXetf1dEmqHKa+sAYL6yZ39SR2KM=","Jhr/1K/+tcIW0jWOC32gqqVG1ysG/7iAB9vSiLdGSVw="],"block_size":4096,"path":"templates/boards.html"},{"block_hashes":["RgPLNbKcIWAsz3enSOLcLcIV82+WdCBBb7y4kfrm5Os="],"block_size":4096,"path":"templates/diaries.html"},{"block_hashes":["FGApq/qW4u3V+3oC0GWwfrnA1evefdAMym1Gi8+m7sM="],"block_size":4096,"path":"templates/diaryinfo.html"},{"block_hashes":["qgXFvWg/w23lI2haSm+B5lTbSOlFI4O+VKUVEtFK/O8="],"block_size":4096,"path":"templates/diaryinfo_static.html"},{"block_hashes":["c4TjKOmda89tFnKipxvAr72GsayU1tj0s/Hd+z3VdZE=","CAyLDEkZ5dGXzsTYiZZnwjYOaq6a9q22dBnE34xBh54=","0ybUZPGkH9gEA4kG7fYjhv54KdRpwjrh5MySQ2Q9jy0="],"block_size":4096,"path":"templates/favorites.html"},{"block_hashes":["+Qaj4k+yYAdMZt0s4PbbwKtN6vsgWaV/OoHWHMDgwR8="],"block_size":4096,"path":"templates/friends.html"},{"block_hashes":["8FDgSpzofbRch1Wv6gMgMYeg6eGZ2v5uk6xkQylCTes=","LEDwi0TXVm+evCqSKoyU/Yy/wieABAV9S9r0UahZFQ8="],"block_size":4096,"path":"templates/index.html"},{"block_hashes":["QX5Zzt+ri7xRaRe4QViekWfwJEVZZ37eME+6wsm12fA=","YVQrIV4dtdjjIfogIGRxm/YckgjVY9dQe08mbm2jYP0=","cULWBEU5bZlJZLYg/zfsl51L78T6iTph2vGF44n9P5o=","CNa6tqe4FZY2cUWsoF1XI52jPryNhpnLUsxp4kjvzFY="],"block_size":4096,"path":"templates/messages.html"},{"block_hashes":["H/KdVA4g4ZQwHC8uwwx2xVHVd9y1w4nSff9gJg5qOrg=","FkV66DHUtl2oABH+J++En7LZA9VolCgykN6k+VEQbnU="],"block_size":4096,"path":"templates/photos.html"},{"block_hashes":["/C0scvQh/HnBWQP5ri90J70rrKfAaF0LeIlECR10UJ8=","q5RH5dhC1eFSUNtm+UAnyMzT/cu2szrBHK1J6cALgbo="],"block_size":4096,"path":"templates/photos_static.html"},{"block_hashes":["Jyr7WVY+UABz8DlPYDtRs65teTXiMVx0paM1dsEqt+E=","vpJPH/C7sfMSFPNf/IVihkf+qChvO0kK0pfFzYibGgM=","/1x9btGfcpjbks3+5LZJo1OcaLGQB8c6R091lAlf85k="],"block_size":4096,"path":"templates/shares.html"},{"block_hashes":["vRSTEdDB3qaBA6qMFZlPyB4SI/S6Wik7Rl/MQwjl8WE=","FR/+F6J7JmDhTQ4iaVck8/ECA0qTNRD43lWVPq7svtY="],"block_size":4096,"path":"templates/videos.html"},{"block_hashes":["nUaRaFJ+dSUwKiCnesyH+CmhFCPNQOUxn8+jbchVpPU=","EietuTQes4hvLVHv5FwF6MvK47kx73GqwRP5F7XnghE="],"block_size":4096,"path":"templates/videos_static.html"},{"block_hashes":["yRqSacD1VMQjsNJAAsXRZ4pgTGIvEtYrjnEqsYmID68=","XAMvjXLD9+DHFHBn6xyCnDUcV3KOG/SccE+N3Bnxlxg=","iAgFR/hXvqgKbhpLk6vU2U3iXg4WeZEtRaMkgDzbwwk="],"block_size":4096,"path":"templates/visitors.html"},{"block_hashes":["hQNGbNSWG3QZ6WELPWltWW0n5xuz3BDzebuyAVaJhRk=","TLYGRcdz1b192CUTxlwSdcHtoF+y1BYfzVuvTO1lAvI=","97GX6vnwLClWyJ2nNr3x0Ch6IEYUJh4L/sCrMduD2K0=","1fRA485dXU3crIh1aV2/IP9GON4SNG+ol6IX5Vf31W4=","GIOXW2tRYo0mVm4gE8BLdaCgpkAVyj/UzgN2pWSfvRo=","fhcGH7G6hAdSKlK9V8z/a36mHNbIMHg6XFHrpWGwQuM="],"block_size":4096,"path":"vendor/blob/Blob.js"},{"block_hashes":["yAISA3ZL/T6qVak+/2SACr75lw6AjQQDxWUdElYOWJY=","yeIGZEMCpWXYD4pxYa1p3x3Xs3ueuB72QwbPbvDjbaA=","FUmWO90b2bTDVs87VLqGevRmV0afYtcEmz1AWdKMZao=","BBtDB5WP6ZJp2Hk84tqMOo/VdGBqfs5mvQFLo6kJ30I=","RamgW362d/nuZK1MECjjgpmscjejZ9NR7NCaC6pLZJU=","lYy+u1SUkt/Y6ndytFLg+77mJUJozlAyWsJ1eYpCBnk=","W4mICvsopt+5vyFHyY1SXhBmeMGYjFogPlMwJVEs4QM=","uRd7c0lA8Vkx3w1uy4xFAG+EBEMprTyvJkY+0QsyrT0=","dB4C5z9VK8EIiy2gdh+PlDZT8k1R3fkmCQkoKtltVZw=","aIvvkzgtJSxwubJzGi94Gl3f2E367ENHoBkWYCHRtPg=","aJaMSGlAXpLhN4tlocHnYusUwJp0wYzH1JlEwQhnOyw=","kOQbBG+4sIhocCyOjIfx917THOpFvqQ/vR//RXXKiGk="],"block_size":4096,"path":"vendor/bootstrap/css/bootstrap-grid.min.css"},{"block_hashes":["1z7sRzwNyqpcTrqPd/iXuzoApqDdjpRbHwjAZ8QMhOk="],"block_size":4096,"path":"vendor/bootstrap/css/bootstrap-reboot.min.css"},{"block_hashes":["ALU1HG+VoZnwcrPixfLwO5RIy2pKbAN4wkqynEGTFsQ=","1a+DQUTuxb16HhhlfylSxrZwHWpZwTSTr4saqGPvgsg=","88faV3fUBKO/VF96pcb666COCATR7+8hTsxdTR4F4aE="],"block_size":4096,"path":"vendor/bootstrap/css/bootstrap-select.min.css"},{"block_hashes":["iRy4feiOhy4nghN5yRApn9bRa0SqGxT9BTMWUIdsSto=","S+mJIKv4t6Devf//A75K1nXH7rsquikcCQpxxhyD/2A=","DdDA25zfEzCxRvWFhGivaqwIe77rjex6ON9cZXST3n0="],"block_size":4096,"path":"vendor/bootstrap/css/bootstrap-table.min.css"},{"block_hashes":["0PKd64YzZV+tjmY3e7XcBAQH6Y17qJllGOuHBOCja44=","IOF9gvNfL4/e4uV7gj7+PuiXVdPoDXDZSSvl56ag6AQ=","l3UUcdgjiC0ZnPPE6H8SbU2bhBbjAnTFJhgKo6iMW28=","KcyaYexJJg1t8vqh8F7oHvhc2dKrRjsjfcRsP6w+6Ok=","kNtzTn/Q6P0WZPG/RrsVCsNIq94oBOcJgGMv9gZAbBU=","QTjqiiQMGrbnmjAWbvCCvkejNRiCPX6B4qvG5rfYa0U=","VIsk8iotuv1oOiWfz52FVeAMClGB0gOXMDaqStl0AXM=","0JrFWCZu03r8XZ/PzS6o0awgsU1SALqh9wBzFdgqBaE=","S21hAm5b7dWrrV0iVd4cbNGpG31iDgHzMojIs89e6H4=","hVGV92qxL9fONyuEE6Us1PDBSt/FCvVRFN55ta3/WuM=","kmVYYH7mImoBwpqAtjiS3BaR/QljDLZhyTeWfRcVRgQ=","sAUfgWIuV6dnDZAija/5eSO4sevGkYQgAIIcNL2J2hA=","1IJyeGLUEfxEefnJGddJHj7iQ96H3Z9G1t24y8dXsG4=","CzzKsGzqobgaJ7zBWsRUu9cIubWedxYUchy7//eefm8=","XWqATjI3AM1Uaomqn6CPMM3fbmsu6p16MwgC9gICfFc=","ejF8ur9x6+XRNRp7TpTqfg7UOUycgkSedGYZmOZYGJE=","8poIcNoEWQIrIONKoSfSGUM8ysc9PLi9oI49ZhXZlAI=","oE/zsadilSBTuFzBi33Yi5hkt4cB2+t3F+Z/vo42wLs=","PGPkwrkNNT6VQu3nS+SMdWBsINJF3EwkpzYkmz0M5WM=","cxnNYyWHPvsQpQF26jzslonQ0Crurpmn3scBrgWRCoY=","RXPXuMlHcawL3i3EHh8og+Qxkd6iRK7/6CYrB1uipaw=","mKiUqzMkHzfIaqELGoo0q4Hf44MXwO/5WgQ2y+FVSAE=","F15dYv7rkCk/U/ooOkA4ZKW0MI9o8jogwezjiW/bdYE=","BtFnTPASW/duhnPGxGUuOzktdq2fgMkhcnVLrxAtKF8=","g3VII6gRw14ffLXbVNXCFr+B4+boCLWfDhoqo0rSEOE=","W4FWkJ+bPfUGGCalu8mZaPmrwZ/lXJK9r7LegZwM4UU=","+zj6yyZDkddNrcQ8GlyRfszqBvcPil4a7vIWwvZyc6E=","gb+Sg+j7KYMKYol0/8nNjQ6mr2Tp3yG7gjeJBr5o0o4=","znH9SDhvWZB3jLJcsvlI0FI/0uP9xDNYiVbIsWk9DrU=","UbYGj5++YTjAWQ2VAelh/82/R688MbTEaDX3RmJHxKM=","H5WBUkqLCGY5PPN9aSzoZbTg/QA1RU/puE0zJ7LA1Mw=","JJNmORNKuPb4TcDTTa8YGHfRLB9/nFq3hgqykGsac2k=","o+kRf5lLCiv7AwGX5qrUOgnKjOTixWtROkncdy3qS+g=","JUI5tCJq+CnwqBSH8J1hSk8LlKUKuJ5SF6gkda0nkCs=","Y4qOoUROt0ksntf64PcjEJkdkytgHOCsJ74AGMsR+9E=","Eq96haYtJFn7ZwvYKVXS+zRFcJSVU3XOWjIXx5Dnsy8=","AIoqfUNDCUYsJSFpYsjXbVEtdX9SFUN2Xb5AvI/BXVA=","36O5I+e25HXPOx0RFx17vjLV0UpI5IRGjmnYmydqbhY=","mpLEPdbi4P2hD2JL4++thhKAPMeI6pux266q5lW1lkY="],"block_size":4096,"path":"vendor/bootstrap/css/bootstrap.min.css"},{"block_hashes":["5jjptt3wNjY3Bqs7rpcMCquVSt6lSx4guHjJTl82k4s="],"block_size":4096,"path":"vendor/bootstrap/js/bootstrap-select-zh_CN.min.js"},{"block_hashes":["1hFDt285fq61SpQVqFUJE4H9hqsYYysALBJFAsntVoY=","GWiIkKYWDTIF1LSreqHoWOe0wWp3EtJKnulnmOOvggk=","m17QJ8MD5tNL7sbaDyWJT1x+DII706vubCz/wNer5ws=","xtRxUAidVOs3ZSk7vEtPGngTmmv7y7H6UjyEYjmAziU=","3S49dPxPsFtgeGOs31yhQkfxSPh4pgQv4uebU66LqCI=","+vQFosVBp+p7KkZ4EujovGwqpENHHSQBbS7oR/rE4BQ=","FpdUDkeL22m/JP40RR1x1h1xEANbkzc3EqUmihcReCI=","va3obQN+c2L5BtEubNyPsw95F1eACnuj/Tvqw9jhIjs=","O5DAvI02ZQ2orMBtT2lTjfM18PQdt+KLsl404uSkZnw=","5iErV9tFDWtKR/4k3znpyqJUYHbHfNGYheFv/G4YYg8=","QGaOz+URQM1tVL/PPztQWs2xpl7beD+0XzQWEctk27M=","xLsEdkWdtqIU0CCUsFK1gvJiNH/7p2fVE4FC6mRFjIw=","D4/UZQtx9Z9h0UVbF/IMk6UbpuAYXPvxIdLD2SP51Go="],"block_size":4096,"path":"vendor/bootstrap/js/bootstrap-select.min.js"},{"block_hashes":["2xZ3fIlObn2rUc43SKSSkjiySgvgkDb0tYnLEcsG5lY=","ianJ8fpqvm/2bArN1Bhs5xi05h47KqYiMxpkjKnp8LI=","lKOxSR0TEg2aNyNi0b60CAsOLzVJYhNXbm1XkqTWY2Y="],"block_size":4096,"path":"vendor/bootstrap/js/bootstrap-table-zh-CN.min.js"},{"block_hashes":["uM0Ql3Sq8wEyboG1P1qDdtTwybhRsZzDxIwd5GA6trU=","hh1KCa3sph0UYBa3vXStM3oprf0umTLOIrJWGG/BeMg=","us/IFTB5LZmXmYm1+vx01ggHs5QOWyTTugDHGWnqDiU=","NF2MgmoB3ZvDiZho5Eedgw6TdPdOmFq7jKZTHwVw6bw=","8+749fEJ0+hgqQVF84oyKFW0joIBLf7wuCM88NC64Ww=","3gFBznXF+V9jwqBCs+IPnKhNObWJ+imzeAfpi1Z13ng=","N1NeljCHWCsyrltjuiqLqaK+bab8xsNGkuw5Sx11isU=","a8tpYrnc2PebV7lYgzGWhK0K+q5wsq3Ag1YsRw2qWUA=","HkPCDjwxihjgG/uh6Iq7yyDn31WSFTKCW4yfv4IxrOo=","8bopyUzFZnsHgtyhG2wu7oaIDKnVEQJCd9QR5U/iRvQ=","sZIuBvX+iSAx45zsr7ulktrmj/WGbZPtLU8I+Lbk2kY=","qkucdUKFe0hZ7IWsdFuU4LytzLKR9BtHZgHZv+zTV94=","Q49AWvkjJyybMT9PL2/22WySQe0EFK2wQFIDQv3g/2A=","qdUx6oWdSfp1zRKuvUoHmTVde7CG5gPlqZ/3aScMEoY=","PVsWv3p4LbdcUGoctTSQtWqw49/uQ4EUAxk/zbX6ikw=","CQlBU52GwKJbNtJR+PMmoGENuJy/ct1Awry7WefomIc=","oIi7gyxXhzRKeHGKxuY866UwlSNbgbMAgQWrYQ9B4V4=","af3Vk+sYJqjsIkW/STc2nzsZV2A4gIz0chFMqjVN4FU=","iajYs4Lspg6YYUOpfj4DM1X7NXKHi3m2kNPBamFn5hY=","qkmysXVQRnQ6YZg95UdlAW6SgfbCpPK5kIQemLcTswM=","PY8T00l1zw2TV7IspXTq/gfta/FMOrWKZExU0HrB6+8=","0bekdPLAUfNf3CwkyXvrkpHAKpACnpWl3yEJcHlPWSc=","ompQ8X7TONGLCfmsb131PwXorPOgi9uUHBfqpPnT+/A=","25EJt+w2SGqua5k/w/ZbYGGf8QP0In8h+5A6fXrtEWc=","QG7Yx//SmXQXWf8k9hlVh6IqUYjKKYrgnzPkX4fgNRg=","9/u11D+7ojBC9R0W1Fw6QFxZetSBKsuOTcGE60OLpb8=","21bG7LQ9fOAkTibY0MLnZ/NBOdYfONqAT0dVKVDcfdo=","dRh7PTp/PRa+cj85N1XHiTjec17ki+bX5JnNZFsg64U="],"block_size":4096,"path":"vendor/bootstrap/js/bootstrap-table.min.js"},{"block_hashes":["ygedeD1k+WYf/Bx16EosjGZeL48kpbXE78WDI9+IOUE=","jbiCpWw2bbRDrNAyyDJTQRE3NrTakealj4Gqt5VfBeE=","ANOcN0IG78ewTPM84hseFWTkS+F9VtsTBPxm1JvuBc8=","67PzJ8veS9Fnt+8aePK5wkqxP9ayUYsLxx+1PE4LoZQ=","Zq5z4wsm/05AV/z7tW4U201BX61ZZV2TdXi697H6L68=","06GrhA/KQRECL/YgrAGld4C8Rvtm87kp4ssWtsLTXLc=","FrWGEFNe/uTcmN0AA1efNw833c6mGgs4oKPHTro8Cqw=","UaFU+9DUARJzDKURqatzEzuvf/FUnoZZxXDevEBAMFI=","Ta/3NauIFjz/NUR7xaMYXhjhI7DxourFRk5B3wGiZMA=","5uAHk+/CC5D2e9UGFln9zQfmGfdI8Bue6NWcCeV7ssE=","r2nuMgKWhEULriptykvjqaCAwfRXwsTIdJXoSWO6zt8=","Gf4qAtQF5puoA18Fpg1jDC95p7IGpm19T8ZzjzkMonI=","5rDfidGad4uX5Ck6utH278eh9Nsz7gL0UYHjWisGAjQ=","+de7LHgRa4O6SZeUkM+zTCerPT2Gz8mHLKKSx/7W4rU=","sUo3AvaidhOYj9lABBYenib8NoZgkv4MzMGRBfMW60E="],"block_size":4096,"path":"vendor/bootstrap/js/bootstrap.min.js"},{"block_hashes":["bZ41nSqcHfBdgfMTswkFz56bgEpfAxLI/Aysdj44nAQ=","5MtrDrJI+c5CzDlIfKOU+jXcrSq1+0459nEUGhMXwyw=","VteTKqEXoZrhqMaTmEc475iEqglOJ2hVN5YIbDtid90="],"block_size":4096,"path":"vendor/filer/filer.min.js"},{"block_hashes":["ZI+DgluQgudOB1qBA3JX6wNYJnoor1iksYLLpRiV64E="],"block_size":4096,"path":"vendor/FileSaver/FileSaver.min.js"},{"block_hashes":["8i8/zf/QbAb7ersPSOvaG6TuO8dlUo6YiQ/erbF8LxU=","TryZFhRcfkIZG46lB8kMRfBHgMASyi/VPL9PS6DXlbk=","l9ojlC5EBskCWbVJ2brDAH1klqkMLnUCUchQFST6DnI=","t0M+vpleghT3ciykf17EvnTXsdLjSqp1YdjJPvvH0MM=","RHsL+dDFfrkuQI2QnmNflAjHflkHkxjsqQC0Kn4oXzc=","k6sQ/KHJtRDeLFkR2CqWq+v5DgGfbU7E6pWWUK9NaKE=","Ns8lc/dcrEepFWbbnTPrYJ7jwJHIXiFgqVrP6a4AmEk=","EBDoFDos4TpE6DbDYkUtYXZn9C5/dVSZmpbyHCBHePg=","sp4YYnj/bqcJhbuam3h9isPa/CRegXOwiOgfsyk4wV4=","nRDETT09H88wPgEvEWVG7uZDQiH8fxuGtuKdCF5dRS4=","fJmwFnRWyKDDN+rX6ThSYtm8+YgybN8qR00+sJajuT0=","KNY5o3FWr0e4g6it8OFnX+21JMGBKe875g9DuorchLU=","Km5lgrvCNtFweIjLlB58e1FD5zo+ZNHFC0tLm4p1vUw=","jzHR8l+n3wlhbFoihvBYJe1E4qwzy1XMiVIcMR7iDOs=","C9a8i3ZosRdzurwhtlpQBkfGTpNPl9TPko9FDz37q9U=","Nwp3C0FwWfn+9yeTFTN2d5y+S2augiAT3Z4s0K20t7k=","1NOjTSwgVGj/1C59+cfWNvTZNDPbVW1wDXjfvBE4viY=","9iQwPYYJvB4tZ+2kI4vzQpzLxb6XRxrbK4RhsMvhppk=","GD2Hg8IFPUzMTkZrs8mWmf0/SKh8Dz5LuQDTuQ4BwJU=","RchvLJUO7LBb5HUHVgdEa+uNVZXEP5MKsZD2T9UhWA0=","FWKtrvRACwoZwKIPKxnKDQDlnNyl4QS6UE0KdBUFYHc=","HbMXN64msjLqAV1+XZaauu69jhxhcRmXjP9CKQ9iYO8="],"block_size":4096,"path":"vendor/jquery/jquery-3.3.1.min.js"},{"block_hashes":["gqyW7JCSzL4kNeMjhOhahTlSFvBb+mI7zNdoAz9OiW0=","QyTmT1ipp6+4zamsPbbuEi/8C5P5HwNrkOhlH54l6qU=","TBFxAZ/MzS4Xp1kzV69IiUf1qe4FWOX9irYzhxUodFI=","2iYt8XXr4W779KibB04hquXflwVkYy0fKt+LFyWueJ0=","n3QnlMVbOuTEc9KC3hR8fb8Ei2aPlHHwBsdmthljiDA=","C+QzJunalxLMXp0JUcu6wf7JWBdzZxwp7/fPk1GAycc=","rtT6488NXgMhn+zAb/tVpbsmQjrhFc+eRQDkPtPIPKs=","RpzbsSRT1nFtJ/rxgtlW2Gm3tHrRYY0yshoraOegc3I=","PAgKL7nUax4ugB6lnk+5YReke/12q7d+JsN5ef/W0w4=","46yJ1xtqcUA/F/5KsywtcPpKArT26zwPvmaDerYHnHs=","d1XvTBSoEgMmDZkdU62dbqBQVpiLxC3qBf72BF7AozM=","3Xzs3woWnp+3wydUNlS0zJL4MJ8Rh3FTbLwWpqS4bek=","j8pcBBj9lAoaSTVYlF8nXRZnmqFxlzFd++Ia5Jry8js=","LzeddZoYQ8rA68agLR6OtCHnHN0Mz8qsoIkSmqyug3Q=","1QIfmcwVVtkKTeYwaJ0QZcHjhymiHtkRqyJuzP8wpm8=","Z/CG0XwkoMvQjYOn8lf70Dh/UpkNvcmo2V+ZVTjzMx8=","F5kOX/kQfwgP+6nmWw+OvxCDjj0S6oxsjg+H2XASv1w=","Qnej22Nrrykhwt95e1C7bvkSkTrOVqGodlzumxUbdzM=","yFeIxfWNGiosGzD01oq9vWTzC7hymMZLSlKHLKUbYMQ=","y1wCzrdyRvkcw2qpDNG6jMSCgcHm0cRwf6FbQXT6At8=","CT1hC+Zbf2It0pDmC6W4+9NszX73WpyZ3zBYMwWm55I=","5rAcP1eq/GQhCXOjdN33u0FxU4AW98RyyEoG4Xp0tVs=","FlxoGA2bKJpc0z5IiGn3Ym8lgWxkUYsAEBjqIr2Nt6s=","6dqrY5Yvv2sSe3Yeu0uKd5OzPRMI3XHW6XvGaeHywV4="],"block_size":4096,"path":"vendor/jszip/jszip.min.js"},{"block_hashes":["1WSAxMmvC1B/LlzGchSzNbStyE/PGbwgYwrk7x43Eo4=","DfeqPNxIYFyCcfC5GU/DJ4ofb/x5o6ZPRtdq5nYQnb0=","9JKd4QaLM5ScA0iOZSx5xjmYzj/ZgylDS6wBZW2iQxo=","27sx7c5HcGujiOtv0wLNKikbctOQcPdd07P0SVhanfE=","8yjxG4CRlF6o8SGBRocibNlE3/GfRHtb1GThZz9ZI/I=","BzBUfQYVOVe1In+xm2EjTIsbMQj6Z/aoGE3fCey4C0U=","5Yb6zrNsOGayTHbyc4iBvlAEdYmHvje3TfNPxDmgbhQ=","BIrUYHmKfNehXFHHBNxd97QM89bZ4lDXZRytkiX4NZA=","GnLhP4/16HUcgI+2JXhWn2CsBBmX/TAdX1kLPSHQEow=","OkBHrLnoV9dNba4OK73KAaXRQTVizOC+OhhSuTS5s3Q=","q3bZrFe0u4kR/9AkqLwmJVwIaO8zsl/Ojh/866ZsCdo=","4MlBdJIQ6SPQbvPY1X/+FOK+Hxax2d3G1yLz5sl7kDE=","YCwL3bcKy9qanw01//SlJaXdVmTav7JLyJZj7G36Y70=","AO5QYNs78zXHKy1wQ5w8h+j+k5J7NVfCG4ZD5sXjqkQ=","7vg2t4Gk1eWsNMdKQrDjigl0Mnh2P+4/RsnjnrWDNls=","NhnJ2/9XW+bQBdJV+A2F8aDKElbyedbKbx7lstFTAn0=","Xh8LgV/GIfSxFYoZLyNFTMlrp3aRx5R2WBZKqTzQsKw=","8H0jV/Zmk4jesXsf96UDaKpd+5TDh6C6EWj4KMu0Ro0=","KBJDtevG2q0lzuNGt0c7/+9t0UnvShg4qK5sD83qEhM=","rynPPnn6bQ4I8rygCWlHRSoPyKIGNO3QdT291n6638Y=","jd1JkTxAJ7d1eV+sIrn3WkWIslSIl5q2JOJ3wotPAkQ=","/V4T4OXQ8XFrevubRSfgJHtymDSMm7Ub6SoWnEFAnHI=","g/NixnFTpGAic2Cm9+ZELXNVF/WCrxMIDdMdqE2/MPU=","gboWj9lmWij3YQremzNMx4pX4TfWJgX59TGbWdDFGTc=","+IIhr/oeAJGQ+OacV0PJnrrAPOGFhyW80A1Hvs2gt7o=","Xr+FmwBD54gcJ+hs8XnVkZyiiBlXUAR0zmr2HR+TslU=","ARLr3nDgBrQyydDjlMa0jCw5RkU8v2w4RBviaZUiFy4=","Bbf3m0uM10mj/unuzBTzOauSpjUje/WyVS79Ktwg02c=","PJphXU1UuiF4t/ETIXPH+y7Kj+b4kkUYhAq4gI0Igy4=","/X4tV37bkIJek4WeJ04zs11WXGTOxItn7jblSbUeGiw=","CjQht/tsxDTr58iYRmZhX892OTw/wEpHqc3b4B4oHxg=","1mcuA1xiZqZCduRjpAWfiUq09krL40oN4/SEZ5qxAxQ=","Kz2ixoVK5GoTh7ru9dBusOamwGg7nAIoV+BITz8efVI=","ZsPRrxfKWMteqmiERJDed0VLAWlzGPigdIqI3/cpmy4=","iKKg2eO8dBeVBL1Gpp1sBz5bXi4tp1cnm4eP1/ATM+A=","1yxz+eMr/1SYvkAPNnQ/If3MmabHZwTA0WW+DUlRejQ=","6nFMaR7Qq8/F5n+iFTmEj9O6Iedl96TUKYnztrG9kks=","yUC1EXlTIJJllKH9DZDclyPV28yyTFxIJYomi0kjf3E=","7eCoMly7hohuDtxKr2mrShS0qcZxQGtq9IesvAY4EoI=","la4Ul1f38fOjrMfTCPLE47YFhk2JuaXr1KLBusmQDK0=","ymUyLKPMpvRZkGUqKgIUR+lqF50amUy8zmd8ngUDXjY=","QMI3w/g83fI4WSgNSCbkB1nJbyr1oJLhDf+r49Qz9r0=","L45o3RqqXcSUSI1dRjvHQNtrNDNS6sClU1YATCGZ7/4=","fAMbstm5E3wP9F0RUTUxsutFoSVy/doa9ahITnEJd6U=","53d5/K+YAESxJn0nauuwnMWRmooyqPTEpwjYkWzBYXs=","D8DJiJzJ/6EGH/kwpiaTl1Mw7F1fLZdbWSLFzjMlvVI=","xiJLRmMglcaV22J/bXIS7CBOXq0xxlK3G6s5rdV0OCA=","Eeu1pAzcOudvqeolfZ1CvRDQpZz4tVBJzP7Fq1VMU4I=","XDgbiJ9Ep0DSxsiyxSZTnfK2hUKZItt1o3GVF8o5xHg=","UNWMefWwsW35eS324zYPVPE0FsRVuTyRzfcBCw07/lo=","P9LHvsQsNhn5u1XuzLAXKYjEw+wSbzEMZnxnt8GFvHw=","yLLUag4KXoNynlV7qUibYVYv5P3t0MVcFuqPqptpgTY=","v5wTfVxBUu8utpYSncyojrFwuC9gc2OB+hqR9q/PFhA=","JTVVQhPhK2Mn0C9r+qiVB6ri7YC5vnpUwDuGbqf0M7o=","AoEamycfzGacKtXxdESkDoB0swWfpY2gXRxHEje+dpw=","R4qBadjmFQ19nhmn8Cpkm7FqJdwXafeKnP+wp3E2CxU=","ZTbXYA3e3IQvAeDYqmHkJnvT5I0eGONaYlLi6GdKI1s=","UAIDqT/Xmy/Z8R4ZrHPPUX5ERz4oFUgZ0X2JCGZn8Xo=","hgfH25Szk4MZJG9GerrHIs/4KaxvdiM+wupTHzM53MQ=","+ExeAoAMNBHDPWNotc6FiSJ4WnAwdschQ6vAX4HqR58=","sQABLttBcazsC0kvBounmykpRNF1NKeuouRZv1bXwEo=","oWzUQbn2EUoK2gKXB1d7nMUpJtlu7ZhCAY9CqcaXbjg=","hUxPOPSTogCY+zZzgCc/N+0DxjoWrDq/KfmGpa+/9O8=","ZcFAa3hoyPmmskiq4GNgwM0D//8bQTRYsBYykQitd+Q=","RaIeMFoEGyp4F3bniFS/PqqWXmKNvCJUoFxji1vZZGg=","P8CKxGKYJj4M0/7G7XU32dK5Js9m1oQG6x6uaVo5Tgk=","zTOsNgJoKKYEQaDkF6yZjiWBFyqbV3WHbrdds5UgcsA=","FxX4QlX4QEx7M+48CvJrXzuq9orx6le3PRM+rX1ZOQE=","uFr0MHI+xauh/6H6UDmB7FBdOzIB+5WA/EQtskFpLxU=","9SmhqOeSEwN2rTrClBO9oPYKz4icv7xoPVzjk3cROds=","2FQhnqJtLQ05qCkMsdKGZ2XWk6MTKmcZyAJuhtXMpXU=","3Y+uauQgelshqd2RZv0YASkGzOU94g1asvdE0heXbow=","fbTz+86p9cRJCwBebQbYiBEXByhmuablLvQY39ttvvQ=","TLW3KTLccCQJYS4yciLYps5sCyYuHvmIP8wfh8d7VCs=","dQmH4biWaWrj6mrCDTXoG/8sZOCPdywnaLEnSrAmFQ0=","3lgE6W6tXYRJJxgUlvZ3/eeG8Hq8ojEJH4k7vYDIjqI=","mHmEWp1zNWcS1DClyo13UZy4ZO6kNLpDUVMizqBsyd8=","McFBH2YGtjd/hAOSXIIxVNq1eBCYxPpzk2xS0adxLtI=","+ARQzT6fnXi1+ORw1UqFnE8gEiqlghCDDbIHBNLVwcI=","qiFEUBIFgC9Rvz8Z4cbPd9b9xAliRsZ9Cg2HxY010hw=","yb3eb1o4IEwJXgtt9U+4Q5xqWw4iD4jdbhUi+jtJOJc=","gshQuXGtnevP6qOQFuJp47uBrrIHedaPcu2K0D4NnEk=","ljkwgk8qbZs4v8SpZyWLMEFVWkRbtuGA7e2yhDgE17M=","PjnTbCf81NLcB0p7n2SXBMhWCJjnVuU4z38C7Qd0yNc=","SSw+nYBZEqz3g1IWYdLcGMXkXWnTnJ6PbHc9RsA1My0=","Nvf4oGJvqc/EnmloVEYKA2AAV17NDtFYVN44ziXf+iA=","/dR7zNnXXs4/xwCnyhEhkDBypXUo448fDVNMeLvJ1Bw=","6DA2Lvp9TtfdAn5VaciIByQAAyCQfx+FniegsSELDZc=","dZEoTkSf82iNhw/4nxJ56FgQLyG1dHrFAjdKD+CpshA=","4K31M5cRkfK/auXc0uxP8/1yOSF/MN6rE+4FrlgvZDA=","WlY3ouKcMqraeFBXkbYudGGwZfAYfaGOjC8BT1gZvLc=","cNUhscukVICaUMsmb8xLut5owgnmK1VoSQUWjZGO78o=","gjc+BbAAic0AMRQjRVTQMhuXZRdTkN4rjyVGUJWSBCY=","qLLhSsi8ZiUGuEU5SBR8HiuL+TWB6IoB9X9r+hH9iHo=","FK3MD4b7QD9IoU1MfAv7CaP9qOymN+arAfByWcM56pk=","zY1mYQvfaoexJWaPCdv9zbgLgb0rZgnP+6lI6aSfG/w=","aY/kV0rv6I7lMrrEkrI3cua3dsdgeuDsRDR5VFCGX5U=","pB71CzqacXmgke6PLJFnJJSZe7Ul8L+QQ1m6qS4fPDE=","x54Ey4M5jbzNzlZ+e8sgeL3Kg0SpKcBlwudhRKrFbCs=","GWnMg6446khN25PY2L3sOoAJTdb3i99o4F9gJhYNAck=","Oh2XPWykq/XS4wmhAKDNa1Qd7rmmpAeQEfvopCGX+0Q=","kXzynEX9OCq9Pggra1XyAtWBF9MYznBbzUbGfA7xYpA=","RsdRh7qnB3ec3ANttMw3IZFBJt+Q7Cw7vpzGvqi2tws=","AqdRQBKJjZolsQEQHkN1m8VbGj779hOnHNkrjcYInSU=","kYRLuAnM91xZLfK4fLx3dTBzOtDmt9ZFpopPeCpRBiU=","Bb+cWd1Z3/4d6g8i1E8QrQ6AePF8yFlmnqE+mTUbwoU=","XXoZyjy818uhoDxol6gFgzZqkkvFS+hAmUJLGtAd1DA=","hQtLelYopVykXoeC+G8yCt/YtaORMilThPM7My5NQtE=","djAbesThAEyzsIVKeXApkQLZxcPSc3IcdO7qHJgyCbE=","6Q5RdQcDu6fraP67ny6e5s8cofbRjufOtT4WQWBkpg0=","REDJFG/ow8Y+/Ah+L4FkI9nYGgXEpyj8GPzPm0etz4A=","6RKEoo5zTcP1Z3NDf551KZQPsUDv+SVP6xIJbfgj7lg=","8p+b+jdoIs6IEJAupIVhITTHY9mbkFiLtd0ToqMByq0=","+Sx0q37YVY92CpKUb9aHs3kfU/4xNlKdT+LwoQP0twg=","xTuV0v2lpTxFZcQWk0MS3F5hvSI0xhTlOFE8DpzdVR4=","byewzkwMnG86M27HUWYLSPCkutOmmIrb0OFkzwOBFgQ=","molyD2owD1eWpOzJzwpBSTrWhVM5qNvE/J/zhVpDaiw=","Dupw3OD8P46JGkMeUwyLM29YeoA+W3FMUQGQvxRJyLc=","Bubk5KqNySL6iuYzQxXvSU3n9tJO/5611YAeJS7a8Pg=","S2LRCrYW2CkUKDR/dNaYgchgKS8LOjjdSUGKCopOJlk=","MrB5f5tuLDSqMOqYZNwBAjC5hpyPnRRB1SZl487y95Y=","M3lq/7vDcnqoLAaDpVPwU47+jIjf8FdWGbolbqi7Ess=","kccD5tUCsKNdJMXgJp+CLKJ0om+lQ6jOOvvs56rVFi4=","3LOGFt13MVdfzhc41eo6erZUe8coE1S4KygTQskyzMo=","xVUhV8WoGqhS+qe/8G5xtsvPf6bd1+maS/cOUCvti3A=","51kDyi9dUFr6dFtsIbbB9vSoqebRwHpjBiEQBJYRTXA=","QANKox/2NZDsIjheEhQ7Vl6zV2LpMcJDMTvmV1zF0gg=","Ax6vSbWYKozib2YW6jdw3V0vamg8vPn3Huwhq9QwteY=","yu0cs5GthVVEW/eYrGtTxxDhPjjr74X7PEX/I5qAKb4=","luXMctdH9orKXNJv0UsikYQORd/7jFAA/hDEPYrrPG8=","hKy8KNukZxzUOs88nj9uK+ZYtpBiZKhkTTipWJ2BpoE=","k29kf23pEeiVw1crs7e0sTu9pXItR+CvEZk8PaB8y4c=","6QlV/35Q+Hlt6+u4rY5TmXduadNMzpHccCTAxYt1Gxk=","vQ9vsLMORFKHxwcLj2fWfL3PaqX2riGKKmj49WXw9Zk=","WvQu+vTr6NMCKNaNdKXuSdzKRxkHu2J6xwHUdcx7NqY=","gv5RMU2gXD89kQ4MrIat6W1YqktzVXJtB5RXFcSAAS0=","Ph+Gec7QJgjLeSIoMYOHUGc+nDoaaI2Yv1qdsjDt85Y="],"block_size":4096,"path":"vendor/lodash/lodash.js"},{"block_hashes":["xvEAR3m9JTrDWM+8ovacwZ22pCwGUpqggnZK27hWWs8=","U2w3aSm/R5oyLmXpIlsekK+4tamS6W2qz6+NeoJPhkA=","C69+eASCvxNvx3z+sx+qZJpT2h8+rEJIYSF5aZY1hCA=","obfzdFmOTG0CZ29z0DZV9svjgKKJyNfAMC3Tr+O4xLM=","I/JnG4YIK2//jupjOFsQh8bzen5mafPjjL0AGa/rM0A=","3lE+Bc665AiKis35pitaXiof6Dgk/AR3f+AybhmVXgQ=","psmw3/xhADrz4B0598vHg52Y8Z3cfKknTgqr1/jt+Rg=","P8dn5NzyvsVX0SYoQ0IOu9Ix6mwUKqJ0kE5qIJqXhOU=","qYCk9b8dTmWEGKTPalvAAhVayPOxAp72Nn6d6w4pKfc=","4r0hxPZlFMnVuSJ5/YhkcMm+XJ5tUOgTk0QMq38r29Q=","/lfAuuDvlKkEvaqCDHkjj07Fd7Q5xrxhimwpTPp/jAE="],"block_size":4096,"path":"vendor/ponyfill/ponyfill.min.js"},{"block_hashes":["OATfgesYlCQT0fUDel0kPn0glj5wzOeV2pMvRZaTxyY=","YUEKQ/57s034PoYHuxV2ZQwn4C/E3iAiw4h6YLse/gQ=","TxnVQq0F8vSSZKa2yBQt9hSJMulqSsgPbsBAc7XjD1U=","eyKdiaAZ0ni/8Qa5QLnQVbB3Udy2AGYNT6Dj2wTRsIk=","v33GPcoZiC8F5LzHAPojiKy2iwOTwEVWTCkhVdaoijo=","6Z49qzeZlRafsJi1SoeJsLq6pdtZ2y1lHYTR+eUBtus="],"block_size":4096,"path":"vendor/popper/popper.min.js"},{"block_hashes":["H+m9ToIsX0N4kwR49tWqJZipegFze8AyLYOio/nmEr0=","/8tJTDprlGIZggVebZoSDKbr+BR5oP6FXeo+h8Q55b4=","eEXolUvyiNd0tccVJEtJKkUWjq75hJss0irbxLwdybI=","Ec2UQ0nCZPHVrqVfaX+BswgYLA3mLZKEzv8JVXRWLU0=","jeW/v5Mcq9daW02terF5qo8imB7L6ZiEjoWHdMJZLk4=","+pUYvbbShRhQtpZlfpnLTiXlSxpQrwr2pkdCxHG7Xjg=","3TAbhUvdvEB10xd1mWu7e7gjl7/2APZUvS9M8FUxuEo=","tjI4i0O0T4ldTruzRmCAGB1d3QNUj3V97NutCRR6Lyg=","neYh+nbbcggdxcIeDeI5CZaWdRiV3lDy1qdV9Qud5jI=","29c+h63aKW49trGYpr1aAyBDlD4YAZjRZyVA6DGLm84=","QfB0T9P764cr1mw9Hw7xjTKKhj+pHKI9dFNxFuNLD5A=","zPwXxcnHeuY0iU07pWb99GwSsE9cbFZHq8V5IbOk0WM=","D383h6FEWZdb6U7ZRv1HrNKf3TPJJyG6gazHo3t2pQs=","ijp3YtAQ+oSdkAU+CKuj+O2in6rSidaJENizBrPmIpY=","/vXw3+lp4I/42cWjY1e95QUWEfjw19AYblW9tF83tho=","41A8P5sEO7huWi1hQ8TF8SXUbJmOKvj9+IKGBOO4xuA=","PGvbBoPcOJV+GHi/s+/w+mI19jgBhJsQQ1iG4+hNdgc=","kDoKWZ2CtIlPGCV734Wc2mLvFiuuVbZcX+m7wUKbmvY=","/S+resl+lmI7qlUY2lknwHo4b60RMa1wcT0fIZqUpyg=","43qA7HzfdJeTfJrtnp46uJpDsiry5BzZ/RSlNgPMFO4=","ezC+3jfImH8ktjWD8MmmJ1rH/eVXh0efJAkc/l3fcKU=","nIqBVjeMFJGEIzb85tWTRzW7ulbI6G9SjCttMhkEw+I=","pTlxySi4cdHWPK2JCrHBxZB32ZyWic28whgkW4NqhDQ=","CdEYHMXfEgwTD1XY6Bvige+If7Auf1JEX/nCSo0JEXo=","vsGjXzLr8rBK0R+HMaAgoOcbd8zQaT77141Mn2RG7PY=","X/I7P1S4f+0yXE/uEUS7+Dq8vXIMZvro3s4n1Zo/lb4=","A1GQ83g1JnX53UBbk+Xd/8DCVucxDq/7tjFTeA16Zh8=","B9KTSgDD5TF1OVyPMJoycq8MKlR6BLZfvKdew7YHgbM=","o5DPStl4qqBuQ9IZGkthqv7H8kxl6SDRP4aDqNNlcW8=","+EbtjmG5PHCTh+GNyD/+U10cGM6j41rsVJrjsCo2IRs=","fq8DwV07NuNGF0nVr7BuMhYuXZgQ1v5AeFCkdfqosxA=","PVQdZW/RolIr6UK/wq0I/ZO9LbidEsUc899EYza0RIQ=","vbAF9AhChp//Tqg44frO8R1Ea7wFHJ0xkqS8W9G2AYE=","nuprpaGQNYWtYptUAIZv2IX7x9OP0blGTEAi1ZCvFLU=","XlM3CSK5YsIaFqVJZLHiGo+02l14Qj8yCrCEvMnHBp4=","67ErYhSe9FXFPIEKQFU4iORFog6QjE1UD8dpiXIANKo=","vmYm3mC4+TloIn1OvnYY6pQsLqUnXPUJOTHDGs9N6I0=","0ZFRNWkpKbShF9PHb8fLtRAX/rEITlRSxvyQjVapVrU=","yGq2gtDwF8PAu9BuZs+qRXbkOk3rvkryNsB/RPbnCA8=","aBcx7OjaiQHMjffkxsShZ1YR3Zrbzm3PTOM1i7sJZq0=","vyLoJNOQIkkjV3MLj4HGD6T8iIbW/afQjHTNiX8VJn4=","25Jug0ApsBxeoL1ds7k4yg89rj6ZP4yrj5ROwVq3eaY=","AvQmcYVMssKskNWQiBUmEcLcVS2zYl/WHZWVmxqcxks=","NC+LXyqN41AhJWGLDFLpcnLu3K6uGUYiCg56LEGiJEE=","+IpxYBAEPesUf6jov2qAUyva4FfZ1IGo/rfT3pIrE94=","U1r/71kWc5EkRO5snMelHJKBHrZ5PXL7ls4u65CI4fU=","3Q1pjIbNvhUMk5IYnoolsxLSkKTEue2sSZI5httSM4E=","TdNFdKV5MoIIyYKMWAGxvKECFROmu7vE91a+/0npzw4=","Y9cjCXeWv2nQv82nRi36a/rTDJU90ASE5102Gdaq14E=","1sh6TJ5A9VA5Du3pXZ1FOYxcTQjyt9I2o4uwYBe29os=","uNel7GWFmg+pX3MuvjOpVInyamPJsLi5X1ziLv/JvzY=","KxvAPiGQlqRFLDQyq9gF6aCoYDrVItnvQwj5GtN/iZY=","YzpUrq7PZJH8uY8vzeBiRwxDJSR9jFf7TmGDbfMJ8ro=","ml9uXSRsSQA3bcCCvRFl1SDfyLdDauz4GLYN67b/1wA=","FEunx7iZSiV2JHUUmweg+HcRkS/VKrIbwrJWqrcUyC0=","S79UWzJraVl7D7B07bR7RWOBbs1zfowUpCuDUul9Iv8=","cP6nXacBaTen9SG/Rui1SORdCg7WPy1B0tsrVWaoj1Q=","ToVTOTJxEK5sikLcgGPRMvDYdbEbC/qTBg0z0dGF8IM=","Jei0puwdLkez76Vds1q7AVddg/+b+KcoElrQpyj42fE=","QDWHh9uzQodXatzhl16tdiE/qs2WPE1rNejyP3b2xcA=","xyoeFfM8xId5RTpOq7ugRD5p+g2k2jtRyass+6SuJkI=","k5SERLhKsNkCe63U+8mDYAAhHhjkPi9LbNwSgUEp23Y=","W4Mk5URR6krTPPeHCIuYznDwpm3zsSXK8/jZ/ROi9kM=","quc/UN6vci8AEhauZboDbmhuq+JAj2MFHk0GC38hpIA=","qkF7DprDhvdeXOkkRhxYvSBvy9ai4UnsvuKkwOp/PbY=","Xowr+/zVQMPgX2ec6lBQ3uj1WrIs525lxxZWjZrbqmE=","MboM2M6DldusEFjh5SKlhsCIMFPI2ObbjZFCE2bz0rM=","LVu1xHlUBtfBpPzBJSeRCOIKzH6HU/D/EvR34Of7BZQ=","Vx6cfZcyAD8M8SbXX0LLBgLneEvUre8yElQuyTkHbZQ=","KVf84koI5Qz5RCDVuFL4SWds4QYxaxCEi1X9oSkaplw=","YZ0ZjiTus7pwjVi5FSEj2iF0NHOwhP4sJB/lTSW68DI=","qr4UuehLu1i/3hRDcv1V2naU+68eIi/oyUow30ySodg=","zK7JZ7G+PPciNPjq0Q4DKFbMO1LHgM/+LG2mTAlCzbY=","Vu8hKNb21aKlNVZketr59eyAzaT0IDMNuuHp1bcp5t4=","TWreFpV8zmrFJ3pVpvwk9C1BlxJ0iHVirboMN6PE91g=","wn4GoFgsyE9taUvpkiUyx0hWJ3qlyq9MQH30a1a1/5Y=","aWDh1N/T+XkB11TDZy+1CHIhvOz1qsLbx2JolDx9wCU=","Cj0fbUezm7dAnggC9fo1wtd0JYA2cgBEGVJn1oL70m8=","kgWMOUCx/TLRCobcgyerOgj5ZdPDBLxA6hy8XKchfzU=","siXQ3UGo6lCLHdZugmi1SCvUvzwWJSVOQE+AnaOVgd8=","PFl7P2vB5snelH3DWD6KWtcqUegNwoFEMXMAi4PjonI=","NFO8WbV5RktYo+Q/Hgbl7Zcok17EX9SgqmOYF9GOCUg=","9cSOu9pLMiwY32v8Tol6zKSKhzWd0xERwtek1Xq8Y10=","cygtFTOwLePoeNLOOtdhwkcYvLUlIyxpwL9euRnWSnE=","umvqaPIBTEKP1hlv03BfRuj5QbnOpyF/0iOquHuwZKE=","DcIL8sa0/HpziRWFoK+DclTAAwpO/3NqstdoIoP3vTY=","JLM1q1PlF7EtUtnJ7wa7HqpbKSdJw/ZqFACHKQ2W5M8=","HBfl/OXkAbQ/CIfbTZkcnzMcy/sUWkEoAc6ubfXEyi8=","+D2eEzTjsAH4E58QrI3L1fl4Yr9eMclI3RyqYdHwA6k=","6TjJHoX+xwpvyntp5SldIM8CVkycS1Bd1TCYMmZmqxM=","vMHJsEyMdtTqEblfj3ofkhKtmnLr6D1llPNRYLJdSn4=","B35w0gKmV+QFvca/KlND6jZgV96eXQACv77WywGMors=","76Zlm4lJJ7faAkamlHt145AhyPbLCO0SVXtuzwpZDKw=","GzmoU61yWxUtiPQknsMSK1NPG/ML/H5E7ZqUssP3Qek=","ztF0pYBokoodCVhYkt4Jypq7mmHjykDAXRQj4dBE/P8=","3axx8q/MO3pD4i4c8m0/xPJ4iRULcvUilKLq6YYNDec=","gzpw23hJVHq9wG1GS8uDhJhEi51yxI7g4ikvt3ZU9OM=","J27P7iWQsXXgy3Md02jsKafles16nRHWWT9NCosBoo8=","JSxXX/3+yO2GOL2+cSx/1tKZPC/gp4iDlR8A/xx46kk=","D0lvRRX+cQLDiI5vXSILd2k3qXVjxDQxvfNLeYRCoFU=","a22bro7EBNLe4hYz7i6oDbL6EXHgaX/s/FaRh8fq6XU=","GLvljzf/CPTEf3Dh6UpPn0sV/rrmb8S2DR75YxyVQKw=","Ts7FKtjyzFaVcPxxF/m3PTuQ2EDAsi2WqyByYRRJGAM=","L+LA+/uzdkuLbFGoD0Q1G4enV47UMAxTNU0rJhg+L6c=","lwujskhtCdon/VIhRlKXhUiLviXyNTj/y0FksKXgbCg=","wCdzN3Z3Jsl0pVCxJQIYBjWbkwKkmLFs38DCwa7qAqI=","n1eXxRCfCH0vPgCSMNVHPM/PWlLoN5mX0Bvwp1m+FRs=","/qXKOOYv3w74rVw5sv7Zpn3w+S33hllduKI56shdk4I=","Y9rPFzlgx8mcpE6AF1qmh3WLjfvjsIzC/mB1ISihRQ0=","ycbF5uYv3wfrHrJwJ0Aox9Qbn173mVPap5sr7swH7Bo=","ksmfoVXqBZQHQ8zRlYXcDkB7W9yRqxMi269YXJNlY34=","0RBVLmPO5gf2F1XO+97eNoKXT0LGZgtFhxzeLmVYk/s=","8fpv31/onBbKQ9/eEAH8hNBMDijU451uBJTJ3vfuH/U=","JW3wML9Lr+CLlN9uo8BCuAYKWjIZPP2kPlRxoQ14XRg=","yU0odT+pVGF9iIzBtZxo4gqT1se/V6dGjaWHpiEWLvw=","mmuF+rIz/aNWOZFrRgJl0Y9d/Z8xbb3H0DvnFBADzl8=","O/DZ2v8IPfOX7xa3zxCwZahO6MUL03dFsR7V26YPUVA=","vLUPhoSa7GIn4r94Utj0H2LNP/SldsrX5h+GVz+dpAI=","fLFendRCUxoFHMv05VAgIMsKmkdkVGH8SMjwTwaJAHc=","BhvjZnV42ei7FGYrS1tfKeDP9juphQGOv8HSmAUEqqQ=","Iycj/D5CCpSceBBrOxQjOoTA9bJMjCVmIGeXZK3i0Uw=","KbkpJDiodO5+I2Z7xUaJuQ9JswhaagR93jZGYOD1t3U=","4MhRwVUotIBHbSv+esjh3F/VFPl0RfWwqqskZfKj5SM=","cU4z0ihJpzP7bjb9nahHf4k9lcSVsumMbDZu+wxpvSo=","KMEM/IbHjFeG9EWD8V9nIRu3tHjjcDjU6wq/RZHo5oM=","NX+R9H1nLPRt24IFtwmXykKOhQLuz8oQ22v/yeo/+gs=","qlGWsHErO3b01XtCV5/zFtdZrEVSPTlcAn3w8I7etog=","o5qOwA21/zf0m47QcJ0VN+lBpHi9Ms87gVwbW1Whz0s=","H2iS/3yKJ0T3lKyk14gDVVsAEmiFbeDaCqMS/q/yWC4=","02jM3o/Pi261BXzz7ZUzFGg1UG1wExyxQd70gguZbRI=","CumpYw3gCmeNQHW4wUxsh1KqNKByNEiEYlFtTzYVRYE=","6Nb2gQPg1ekJ/aWi3EG8rv/8v0V3BOAmkfMYOV3WEgM=","+rIjAwLoBodyRlq94UKJ5LHm71mjfR6Zk7pBqXfTZ1E=","Qwji9iIIq8POieWcoGyOHJNPI0fYE0ZVGjpMkJWS6g8=","nTwUOPYx0KnjiQOFXsI4RqAyiWz4RqwSLjcN03GC7zg=","0Q7Wx163XMW2GFsnx9MUZ3kEpso3W5NEg0l/kCRbQms=","WJN5xudhAHEhKYP3JVgs4VocMpCCMjTRRVkocG0XXDs=","Q1/5gFPW90DyeSB6fn1pwaGX8K6nvxGiVa/08OG6KXA=","t9mD8CXCHTdNz70sajzjjXyEu3jf94pzRPd27JWOTv0=","SNiqnt1snObcjN+xJ36XbhLzX2SfvjgQYjymBFELWSI=","mTmKDUdfGVY4ucC8WO4OrmMdwdnFHgATVO0eenMiYjE=","MsWzJrkQAsVrfV5OoO4AZrSzpu/EqkWShh90ROhLJYo=","X9z1pmDeY8uV2+DpnAZR6LhD3yrjdWecnuQ4Qcib/pM=","rXBjE5xRnEBDl5tYu2YoWP+g5gX86NxBZwkQL8K5mSA=","3LzlIcz7DQddwoZ9CoGX8R5oRkSVhzbgUgSPdHIjoCU=","5/SE7B1Aerz2yEC6SvUo6NKpkBMsbYhcAu83NS2SkpM=","D2t55ht2Iu/KLOii7jiZHkewmk8NjWfjfEsnMmJ/A9I=","NehKDGcK3zXSRoJ01aOjVNGdT3mp6XO8w4AS0rNUNas=","MFROSR9hr6nRDOQI/1c7SLA3bB1yrYlMkSHmXhs79Vg=","/ejbIMmV+Ro5akDLe9Dao7SwPXSqHmaWHK8SK5Ugjzs=","fKVJv6Mt9M+1u/5R5NhsFw0j0U0RTu5HxWaJtkbKDjE=","trzY9wJQFZ5xmUzliUggACSvacUjKJ7efSUiRi0igRE=","/sM5OvsniBYb3eV6h+RRC8ULD0305/5p0rrxcg+DXkA=","NguGQn+CxC5177kGSyfg31i8CZdo0F9SaEfp4oKn2R4=","h0tBIVu5ZN6JxQKmK/JGo+OnapnLggZkzCUWL8vnFI8=","CjOItaik5HGaWsI8cNA9E2IAKDeLcNpD3/aO/4dRQOI=","sPDyh0zhZZfASTI+6E5RZuvlzwQLOWyHuukEmsWgy8A=","xRn0dX4sRdQrelOxSAxYO7FvtwJUZaRyRxOf3IC8r68=","L/lrAVnsxnh6M65HaVPrw1NlzN3fsesS5ifwl4zjGqQ=","tIUjhniC2PD6WY4J/KRZfMuf6+DF3USPcaZsm20Rw4s=","3fJZOyRW+d0Dr4QO/nugUAHUZqLwg3fo2L7pQBGifPk=","7JzweOqaSmr0sE1CoPf2zgprarPFEPATZeTb51uwf7c=","RQsOMlwGJ5n35zY/P62D4DogCJPAzL67+78Lqm2tyYA=","z3cJlTZyEKfQFMEs7STL9YDM2emnEDLfkNmCtAD10qg=","rMKiucFphQ3mI9kGJFeb7zPQWXMeSSVaD6S3rFkkU38=","AXINWtiqZIGAQ4af0foyuyrJNBXjyiOjHVt6MHawQKU=","zwjLpc0TUIn8eAX+M/09ht0Supj/ny171ZZw3l0lNY0=","BpDO+a/Quaix1GOAcnJYbAKd04WDoakXnWvVBKzyh54=","OWY68YnQNNmKTIC5XaMb719AjLRQeFMJkRUUhxvp1ow=","Peoq3sCo+FqH5E886akhFZE1jnlIoZ04zfpzJq/Murg=","qczRGcBJJxL6YoJ95sUvEqlvtfougpPkR0WnYutbTU8=","+EpSym0tTEv19pRBub5HsocqjaMCnKobchaPbtMDav8=","Ei8pui2b0q4v18dPrBJGWw02KvOfHlvB2FLCunqOME4=","LPhay4/3VPzB62PuZPQdXVaBfYsLwaT/DJhFp5F4Xb8=","xycGH+CUvy92EGa+aZfnjePKF+KTfMSMm2AM4swJJZA=","sD5lbv0ypFXec1QXvHelEI3gTo6908GgZAwdlI9yFPI=","WyLnYX810nVNMMV9Vuvl7DEkDaeOV6OBgfvhhaY/Y+I=","kNEiIM8G7M/mpWtisWUv6L2IrVEYHHR4JpMH7IymGB0=","oFl2zx9camPzdjZsCg1HLwLeyhUSLNGN9rcoAKxER+4=","DI5canl+/5X3X4EgdsecyG/UIjfMQmS1D9vUwAiNOwU=","p08kLP1LrYFi7nuEN6dGWtredEESKlU2UBwwpUclNlQ=","cliWAM5Xew+I8QScUJxLPT8IhC1L6Pbc03NgFAIXskc=","vd6kUnd0T5+CLMw1nMhPGZ6sKLaqle9splq/lwOlsVU=","JkCieMii3AQex/E+mZexzNm/TLNETRHlKRowQDhD/I4=","eGhZO4beRc4lv6agNT0ge29fA6U/TcAqp6RaytPQViA=","KFrjlLn1D6dlEiOAmy1mqgcfTw6txUowWn7YVsRb/UA=","KqLskTE3BPaKEjCI7Ks6YGtFwuSnb8ougEeiAJVW1Ts=","7WADeK9RvoWcBTswV9DyjmYX/d1iTf19rDJpn99isL4=","/FUwk0B7tRi5oqSP7uio0aDEd7t9hjuKido+Gm+BXbc=","B4HNbx5w7B7bz8CkIOByuHfX/pJgFmkuIC9y5pX3Qv8=","mkcGwjk+fiVjPYNA0rwsnzcJB0yhzMxIQBx0JxoTCcw=","alTOy3CgUQCj1lc+/zM0Iw3ho3ylpzX75v5G6EqIf4Y=","YySotQ8O3ZwvglL/HWnCthS1QpF+WZO6yljqphHdp4Y=","tQeonWU7yvRGNIgexAK6DO0e1bk/ObkfKoWpxMD0qmY=","10sE1+bBBfgDBi7YjuEb9HtDjyJuWDoOjzTIgt5N5cg=","ySXCu7C2e5VjwepS8o/fK5kSt0gIZPTe08ZomfBBkt0=","7Rpuq9h8LmjFo8kPwC4kL9kGGU7dTb0XV529/3ZlnT8=","R7XtT/CSIJjfw7oeugdbcKj7kTJK7Pbnyz0cF9/L2+0=","m5PJAj08ElFdqhyPhWGK0TMqsH8na4d5+pv5upMwPVE=","LNFseGbenUJXYU0IUjRSWwmd+BPT8iDd75yHSxFJRdg=","57s0YPM2UBUTBis0Uqq+1A3ENXSIDqqGvVpUYlUArcc=","z/5sc17RnQZ8K8bk94PgurmE+zEpFAF+5uoUVJJRmkQ=","Jbroy/Mo4ODpesXIWSKPokxwO+YSXUMyf2MmwdBWna0=","JSy29hePyBboHWZZ5aBnV1HKlBqW2YHoPMZ7s5LGnq8=","xhTbac91vY4Qu2dqTr0Jvj0/1N700a3aCr0BZgAqm1w=","k58Ihr1bptchxLXyaDfkzbpNOIXGkCMPDpNZ7FzNnm4=","v2j+FO5AXcXgSsJ4/6CghsOtsbiWgJnNaz//jJpjUaU=","AwsEiZTJhh2X8yScPpwIq9CRWt1bm4QloBSaxNWqx6s=","VvjRbvHbll9dYjr3mmbHU89a1MmEsDdAHGDAPLXXJnE=","71jsxUiyZiEkAnDUh08FcQ8n9rmYuSQ7x0MEfJLcN9M=","Cw3PCawPb4HvwlbsFw8LQRbU/y7Weo1z22poZO6VuJg=","8T3taxYyvbmXoxud+usioKOuDZd0wwAwhy4z67LKuPU=","s9k1so+uRtDiMxDsNKt7kPVj9wQ2ZYdYIvAYV4Ru69U=","Em1EU0kA+Yk6l13ranK0isvVxOvJwQ9VsEGTXO7ABis=","I76Dd6WKzpudH9TdXTASro8K7/8aAsujfu9+6IZaIOk=","RoHZbS2Qm4qq7YFyIA+i8nNBsH43bmd4n3H5TIqt5yc=","aJaGGo5nK7K4FB2hblhleiHrg4XrpYQGDHANe5U0Rrs=","EcsXGIseDZ32gAJBfRUpoFGj6cD5LHrTfO5Kl4AltNA=","3MShVbUHsS6LJpMl6PHHJ0GulPpD1YcM1qWcR9cjJW0=","pTo59n++KRH7BkkEKdhAPlhQ3X7dBV4UU96qdxuWzNQ=","7zSLpzv35EvQuEMVScztQNVUSVgfvV8eKZfu65bnuA0=","pfnxs9T6jDWAMsebvFVkooHY14PZwsvzTcNhRtPCCag=","tDnJsPNQOPB2uUyVS5ToStELqhHkYMQwVBVjtTlsX28=","HBoV//hNo/xbRtGHzsum0Kk31unIJxTn4pNBzfPS/nY=","BPIjzvRRyySVgjNEI+RfgEo0HDHQr3mWnBdmpH8GbeQ=","CaAtp2KRhT86AEicV55/7o9p78l7z4NqcCGBQBXe1KQ="],"block_size":4096,"path":"vendor/sheetjs/xlsx.full.min.js"},{"block_hashes":["U0++sTwWVVJ+DbbQRp7wv1YFlCtkU+xr5wXQtsmALXI=","H34VlN00Kv5LveUYgKn6nyjPa0OzFWZl2cF6JrNpMMk=","6ovByFEzXOWajhIfd2xD0MFBlOdxsi1TrLEu78QavHQ="],"block_size":4096,"path":"vendor/template/template.js"},{"block_hashes":["+8gJYrcBJd/T0OYqQ8c13vK6RVrD0hqOnkF7FAzj3z4=","oRzmXaYoMV7ATDoeNQhGhit4OIRH6+s3tteEHIYzSBM=","UGMvLj7us+sxzprfkAmqVIxEzFy/3l5LJsu4E8vmld4=","2NpZNncTtU83vyN7u2k0jTVGTp7soMGcl8a6sz/TPXM=","NiBjwWPfrZmLTP5+U3g9vzHPdX33P7ItcCA5t+2jFfs=","j5p49mtEhvlXdSOpwCowbULm9Au9LUq+r2jCQbIHC5E=","bilbggWROyAQcWMXfdNs9kEL1boV+qdX79YI2p6j1y8=","H71+h0FP8xexmqFbWnxXDsc7xjQYH+DbBwzwKiPwOf0=","CEbU2qD/L+0MXhYQqgeEHZteVyJ6CFyhXO1lPrs0K9w=","I9umXMGOckSMAVLPvQAaQchh4BqvbH4/6gyYxT2H9WA=","W/r4uV6rvYRp36BMMsXEGk3X9y18G+AThQWf/Vn70dk=","VH4z6vRFRLGUjr9JYPtjk6NmWpLdj0ZYcdlHNdc9nR0=","qUh3Pzau9fpiKcGDJ3FCp+CEMqsrP7MuGL4mqn/On7Y=","SXvmaOqGVqURkbaS80CBmnX4N5+xabzGTBcMUMPs+HQ=","xF7TloSIQQLQssMoa0MShgmC1DF6dQXg/a5OP4RToJ4=","IiQwAZ2gkGusIUDnq4ikN55EwzQEcjrlU5+FLEGqtDg=","x4QcPgDYeTCsqu9zUnfwpVj0wLB/QggRh0HpnyoYUnc=","HhqulLkLUDSzD4mrDn/NyC6tBU1Lg9FDqvdNyZ7birk=","tPcIV3oMyHcckCPaz1JJmqa+AK99wKomIoxfomIz+qw=","hAztwp1VPDG5MAnboSZzS+wcitDMwYpksmVhmpzG4s8=","tmnqrF5z49QCYJIIk70Kmg17CPa9z7tGHwHspME6EJE=","fZhl7UoMmUdt8ulUssYYdcbtb+n1tesBqwCPojWD8vQ=","ibSp0yh7qlVjZu0w5cofKIeaEA/VwwoWNqQkq6xmdeU=","NgxmzU6NGfN4bF/oSbiGnTUThdt5HKbWqhn9Jx5hHn0=","yJhC8xSmLhTspE+F37crYertjtJoDMWrrM+T+roxM4U=","XfpYl4iFWEAIZVZJl/UBXfe1ghopp1rmd+fmCAYcuDc=","fhhZ5+7iDteWd+Ijyn9/zurajdzOkWpiFvk+8Qv7soA=","xaF2XfdzVE1S4RSS/PYIvfhygboeHXEuLOKZ58q6+94=","YBsx+GFZdba1ty3077TucxLR3zEELe5uZn56uMLq4ME=","yKUqAGGLzNbIsxxQkkBBgU2C6ANQ7JPrz2yyBRBPOCU=","e+Ql5609JZbbDYchLLIhiMaBhAwfcdeEpP8kAJoeerg=","WSMAKdVe+i/jNX62I4ATCE6GOSLQ25jIvMXA3TzKQ7o=","j6W5mTr058BoOZ45cxfnmbaHKedQljBEYdBmuNNLuFo=","lzvVrFmwfbRCx+Gy/6jwatSJC7ZqRsBUyT5SLdaw54I=","wuzmlmunnVoOpkcUZk5weEyO8mLl0XADF9srOOE8dio=","oIamhgPY6GYP0kYWvjQvnX73UolsHeV3p8NfA47eX0U=","WnLZnWmy3M4NhT9Ew9QP4c2skyt1WpNM06DcAaAVsXA=","fGguWnBgRm0a1fF9m3MMOqQtYIFf/yIorw4F8XiDoWE=","/QBilz/NbKUbYh2dSdMxS+AT5xVy9ZvSJ24wI+32XfE=","45s0m0Ixh2KDJBRDlji8zaOHizHT/n9bqB4WUZMBPV4=","lfg2tZQ9PuynRxsQB0qqWFwpB5GEyaYcJnLBYEY/gj8=","XKLR+auAohw7LJZ70/wIGyfmWUTCOjVGLnPw92eItPY=","It/NGLnwwoK2jTjluBgyr/FClwIxc8C8vrs2NxXtV2o=","tcnh0IljNsuo6KMREuFv+6Q6MjvIH3Ygn9mbthaviSI=","0zUYrkKeQF7a/3J8NJinfX2yrwgHs8g/RW/EvoZI9d8=","uADS/H92AEodiwbEVsXjZI7l0AngWytRDsJ0+LIFfUA=","etyvrTVCuxHjnQjhj1KhobIOaccn/MAoOeA/OA8Ro30=","49c4VmqJXg+oi5QaK2HvxJxMIZH8VmwXVmuI29lSbms=","8K4OeDxXpmqweFNC7bqEYTW9YSW9fCeGQbChfpQ8KA8=","yZd6QEkVsjlPsr4aAzlLUmMG4vye3xtLqoDjpgZ0+pE=","1jmzEFyf5F/P00ZsDum+YI4WKL2DjMs6RQbcTsI00/M=","IT3Q1IZV/XdEKYQhCps1qHxbswwZWAadiSn80fGxYtU=","iUitVBj5WE1ovVmMTALpleBeGrUiTxQYRtzJgRf6aF4=","qq8pl+Zr3GQ+CWfYsDQ0694Au/EB/L5KnagdEquc+iM=","vld9m+c5S7IxejiHFCBFKO4xnPs8E3LcmOpV55aetoI=","2EzK22HPprANe7btfPD03YIWCF7vx4+G54cufDM2QXc=","HPNmoX9ml5z1tYNhxJF9eikodl+Hiw1/ePsmMei5CEM=","8fglv/KnRMozUCB8Z5LTM2ZX08eCBy2uDaQAd8IFLUE=","2IJYo12KTxysOScCHAdRarps/vL9XkirgBx87MFKOvI=","DWO9bRVWAvZJqRVRQITF0CTKVtJEcL/MOepZ4komUDs=","RhfnRBxNG564jc8VdTIOvVeUDJI6zXk6UTeY7834PnQ=","H87/rJjWNnJDPf4gP1iLDAsql6mj4uY933jxs/9Fnig=","+7kKZ8kztHvHK4BS5sev7wXBhAoYteFvVM57UTjrJw8=","0kFpzyBojpVmK9G8QGw3sUtvdysGKfWlWP1X2MswvQ0=","v16ZA2y2CKu80UpxrrUR0wUSGUWsB1Hi5LNNsjJ8tao=","tSBtrge6XRiaG6iO5Iw5/mXUMTcl/J6jm07SCV6M5M0=","MoszBnAOrmVm879C+oRK9fpVaAl6hNXJ9qjQ3OiGwQc=","yN1w+R3Icrd/svox1ONbU1GSD7Humc4fQcUOBGJCgO4=","ce5J3wWUtKjPG4QaCceS5Z+VieE6iWArF5MrT2zAqMM=","ouA0H22pJbbDwR8FjogMW2oIMCm3siryguHhw4Zt714=","Aar9NcZFXLpSFzRl3IYtwxe86IuiD4ETXQJDQDG1vtc=","qV4JveHBqsvNjYRVRPknCMfb5hohE9Og2TajqJGc2Ys=","Y2FjvqQgCF7qu6qEiDZxSg8butTzvdYKbg7OIraQoM4=","O4gtYHi6hTo7ERPWoJBfzrhDnB+ZsT/F3FiHFg974Ew=","7ZgHpybkiO/cnb3UWpwm8ZlP3ZtUvDLU2tskKGWbbNk=","wIXc8AmJa/tiTPIviyhUCOnKQBuy/kxPQ7sgVMBtwzM=","PywZLKb6MiUZ3xKVPH2FQz8V4lRak2GYPcXLq0Xnrr4=","WO2mzwL1ZjFz5s92BBgcA1s29h0k/L1dfSvt5gQThQ4=","yZ0AUkFPPfzCrkIHiWmigp+yFX/JH/YHGkZGMUh/eDc=","dBmqA+c2lGLKrn24LYG+GyBIHpElkA2W7gpvtEDpv38=","MCpzaQDkX43N0DWse7X0pIAYVSVo9oQc2R3Gpz3EEsI=","iwrMvulxQo7o7FVc6bZ1EA+RjPvofJ/A7FpiEP7iB/A=","NLETVF/J9OpNzbohAxvy0V2w82Q3zccM8fFYfi9JgQY=","tsch/3VIJvcD+pT3CtWYuxKlG520FdUzYt+BLAFq44I=","HyeD8gdfpGsvl7i9zdbqFTbCnV7iliTG3kzLP1JwR6c=","Mlk9puRwufVpfr80EuTlhZl2PiWmubOa+P9b1011C24=","9yAgH5B8lJw0odVvC3k7j2Oqn/tOOakGbJ2193eX+4s=","sV2rNBPdqlJlQA9MsDC0WNT8vm7soobzYMlYbkHptpU=","La72KsfoR3uKTMvmSG59vZ9XKHGQ3LAC5AINnpUHkhw=","L2m5grV1lnWEO662W0SXuaxGtmWo7Fc+U5Wo8Lrng4Q=","XHQZY0HJns7BdqnhEfyReKuSkIv1SHxsaMl0YYT8kAE=","Hmc3ncCiGRiIdJ2oEYCYItwj3JnEffDSmrby1FVfH04=","iZHr3S+ST+iSZ+KXIvBjMtV5Law5NE057xymfQ7ZaXE=","HRlkFmTz46sA/WMcdFREAVylGIzvu+By3QkZ0O/SlbI=","YOk69l8ooE7KQ0zRwLWgBEeZHQGC+Medk0i+zwGiswc=","1VoQsrUFZLcCY1Tm7UVhQmSensORwY7N1KyL/OjDpCk=","JJY68AmjIZd2jsx+w26KDntk4mZhhz8QQou9bW76vtM=","F3ER2VdmFOwSoApxIdzh3XiW3wziKU85N9z6o4cuAQ8=","Qngufr2rCvCBZPo/fhNWXhh80L2UmsTuKF0fns1QRYI=","XMVrO7AOdKEyOxzXorfUbqUixo+HPUUcL+/lD2WLkmI=","6vYZPhCuGJ9ksagJM2LvwzDwtYuJQD5D45UnFhByU7w=","eeBU0zL7MKiH5yfWf4l1gJ7akG4+gdXwf3/0iS3ZwYM=","/KOaLc+7UGMa+fjxDPsdiBXrA6oZthAJylzt3hWflZo=","btcbAVAUrWAII3Gc65YI9QuHmDkAnc3AJolbjDkEUIg=","tffmIPw/6k1pj2LRtjSyYL0UYYO6dTPH82P9/CT2pBw="],"block_size":4096,"path":"vendor/thunder/thunder-link.js"},{"block_hashes":["ENkgZOekPKYgREuxqPLLR3m4mK6yH4zz+52GLoDIc/g=","pZ+nqOyTLydvV+7PtIQZkgihHk3nHVw44zDoAvCrB/I=","MLzAb8T6I/FctTRFsaZR0Mn/9vfyblmT8JL4tOXNBbw=","4/l29Yz+9nQJO0sj7Ajozf2FZPV0mTmLOSZUMRs1eJI=","EmKTbU8JNUPM+EuxYfJ4K54L2WGp9S1dw5LT0BMysvc=","iF8uz2uhHHdumyy6xlPoH+XyYFz392ft0xRA/qGBPAk=","8nbzpKwwPO4fQVIh/eJcE+NmRj3oJFdr1x6FU7xBQiM="],"block_size":4096,"path":"vendor/thunder/xla.min.js"},{"block_hashes":["cdo9j/z/SCZNn47JgHFyDLbTcWIsGUiLZ4nur2LqFSo=","dZwemf5k79pQMe5XE1AOGUJfWrYDM4tjekgpwYQL4jE=","a1BCOd0dYO6mxR53/wHL8oFd+5Z3CaLTjlGh7qZAGCI=","8eEdoZk2SRaUKYFFHWBkk28suYrw/2/MpEMqc7KAf2g=","uwOKNtKYK3Lyh245sIcBgyCf7vPkXO6iWF670t7z6yE=","jtQUzaQYVTZsGQzkwerPYXQWv/3329PrH07FlBzosec="],"block_size":4096,"path":"vendor/turndown/turndown.js"}],"version":2}